Date,Rate
2010-01-04,7.64321422576904
2010-01-05,7.65642881393433
2010-01-06,7.53464317321777
2010-01-07,7.52071380615234
2010-01-08,7.57071399688721
2010-01-11,7.50392913818359
2010-01-12,7.41857099533081
2010-01-13,7.5232138633728
2010-01-14,7.47964286804199
2010-01-15,7.35464286804199
2010-01-19,7.67999982833862
2010-01-20,7.56178617477417
2010-01-21,7.43107080459595
2010-01-22,7.0625
2010-01-25,7.25250005722046
2010-01-26,7.35500001907349
2010-01-27,7.42428588867188
2010-01-28,7.11749982833862
2010-01-29,6.85928583145142
2010-02-01,6.95464277267456
2010-02-02,6.99499988555908
2010-02-03,7.11535692214966
2010-02-04,6.85892915725708
2010-02-05,6.98071384429932
2010-02-08,6.93285703659058
2010-02-09,7.00678586959839
2010-02-10,6.96857118606567
2010-02-11,7.09535694122314
2010-02-12,7.15642881393433
2010-02-16,7.26428604125977
2010-02-17,7.23392915725708
2010-02-18,7.24749994277954
2010-02-19,7.2024998664856
2010-02-22,7.15785694122314
2010-02-23,7.03785705566406
2010-02-24,7.16642904281616
2010-02-25,7.2142858505249
2010-02-26,7.30785703659058
2010-03-01,7.46392917633057
2010-03-02,7.45892906188965
2010-03-03,7.47607088088989
2010-03-04,7.52535676956177
2010-03-05,7.81964302062988
2010-03-08,7.82428598403931
2010-03-09,7.96500015258789
2010-03-10,8.02999973297119
2010-03-11,8.05357074737549
2010-03-12,8.09285736083984
2010-03-15,7.99428606033325
2010-03-16,8.01607131958008
2010-03-17,8.00428581237793
2010-03-18,8.02321434020996
2010-03-19,7.9375
2010-03-22,8.0267858505249
2010-03-23,8.15571403503418
2010-03-24,8.19178581237793
2010-03-25,8.09464263916016
2010-03-26,8.24642944335938
2010-03-29,8.29964256286621
2010-03-30,8.42321395874023
2010-03-31,8.39285659790039
2010-04-01,8.42749977111816
2010-04-05,8.51749992370605
2010-04-06,8.55500030517578
2010-04-07,8.59285736083984
2010-04-08,8.56964302062988
2010-04-09,8.63535690307617
2010-04-12,8.65321445465088
2010-04-13,8.65821361541748
2010-04-14,8.77464294433594
2010-04-15,8.89000034332275
2010-04-16,8.83571434020996
2010-04-19,8.82392883300781
2010-04-20,8.7353572845459
2010-04-21,9.25785732269287
2010-04-22,9.51678562164307
2010-04-23,9.67249965667725
2010-04-26,9.625
2010-04-27,9.35857105255127
2010-04-28,9.34285736083984
2010-04-29,9.59428596496582
2010-04-30,9.3246431350708
2010-05-03,9.51249980926514
2010-05-04,9.23857116699219
2010-05-05,9.14249992370605
2010-05-06,8.79464340209961
2010-05-07,8.42357063293457
2010-05-10,9.07107067108154
2010-05-11,9.1614294052124
2010-05-12,9.3603572845459
2010-05-13,9.22714328765869
2010-05-14,9.0649995803833
2010-05-17,9.07928562164307
2010-05-18,9.01285743713379
2010-05-19,8.86928558349609
2010-05-20,8.49142932891846
2010-05-21,8.65428638458252
2010-05-24,8.81285667419434
2010-05-25,8.75785732269287
2010-05-26,8.71821403503418
2010-05-27,9.04821395874023
2010-05-28,9.17428588867188
2010-06-01,9.31535720825195
2010-06-02,9.42678642272949
2010-06-03,9.39714336395264
2010-06-04,9.14142894744873
2010-06-07,8.96214294433594
2010-06-08,8.90464305877686
2010-06-09,8.68571376800537
2010-06-10,8.94678592681885
2010-06-11,9.05392932891846
2010-06-14,9.08142852783203
2010-06-15,9.27464294433594
2010-06-16,9.54464340209961
2010-06-17,9.70964336395264
2010-06-18,9.7882137298584
2010-06-21,9.64892864227295
2010-06-22,9.78035736083984
2010-06-23,9.67749977111816
2010-06-24,9.60714340209961
2010-06-25,9.52499961853027
2010-06-28,9.58214282989502
2010-06-29,9.14892864227295
2010-06-30,8.98321437835693
2010-07-01,8.87428569793701
2010-07-02,8.81928634643555
2010-07-06,8.87964344024658
2010-07-07,9.23821353912354
2010-07-08,9.21749973297119
2010-07-09,9.27214336395264
2010-07-12,9.18892860412598
2010-07-13,8.99285697937012
2010-07-14,9.0260705947876
2010-07-15,8.98035717010498
2010-07-16,8.92500019073486
2010-07-19,8.77071380615234
2010-07-20,8.99607086181641
2010-07-21,9.07999992370605
2010-07-22,9.25071430206299
2010-07-23,9.28357124328613
2010-07-26,9.26000022888184
2010-07-27,9.43142890930176
2010-07-28,9.31999969482422
2010-07-29,9.21821403503418
2010-07-30,9.1875
2010-08-02,9.35178565979004
2010-08-03,9.35464286804199
2010-08-04,9.39214324951172
2010-08-05,9.34642887115479
2010-08-06,9.2889289855957
2010-08-09,9.3482141494751
2010-08-10,9.2646427154541
2010-08-11,8.93535709381104
2010-08-12,8.99250030517578
2010-08-13,8.89642906188965
2010-08-16,8.84428596496582
2010-08-17,8.99892902374268
2010-08-18,9.0382137298584
2010-08-19,8.92428588867188
2010-08-20,8.91571426391602
2010-08-23,8.77857112884521
2010-08-24,8.56892871856689
2010-08-25,8.67464256286621
2010-08-26,8.58142852783203
2010-08-27,8.62928581237793
2010-08-30,8.6607141494751
2010-08-31,8.68214321136475
2010-09-01,8.94035720825195
2010-09-02,9.00607109069824
2010-09-03,9.24178600311279
2010-09-07,9.20750045776367
2010-09-08,9.39000034332275
2010-09-09,9.39535713195801
2010-09-10,9.40750026702881
2010-09-13,9.53714275360107
2010-09-14,9.57357120513916
2010-09-15,9.65071392059326
2010-09-16,9.8774995803833
2010-09-17,9.83464336395264
2010-09-20,10.1153573989868
2010-09-21,10.1346426010132
2010-09-22,10.2767858505249
2010-09-23,10.3185710906982
2010-09-24,10.4399995803833
2010-09-27,10.3985710144043
2010-09-28,10.2449998855591
2010-09-29,10.2632141113281
2010-09-30,10.1339292526245
2010-10-01,10.0900001525879
2010-10-04,9.95142936706543
2010-10-05,10.3192863464355
2010-10-06,10.3282136917114
2010-10-07,10.3292856216431
2010-10-08,10.5024995803833
2010-10-11,10.5485706329346
2010-10-12,10.6621427536011
2010-10-13,10.7192859649658
2010-10-14,10.7967863082886
2010-10-15,11.2407140731812
2010-10-18,11.3571434020996
2010-10-19,11.0532140731812
2010-10-20,11.0903568267822
2010-10-21,11.0542860031128
2010-10-22,10.981071472168
2010-10-25,11.0299997329712
2010-10-26,11.0017862319946
2010-10-27,10.9939289093018
2010-10-28,10.9014291763306
2010-10-29,10.749285697937
2010-11-01,10.8635711669922
2010-11-02,11.0485706329346
2010-11-03,11.1714286804199
2010-11-04,11.3667860031128
2010-11-05,11.3260707855225
2010-11-08,11.3792858123779
2010-11-09,11.2885713577271
2010-11-10,11.3582143783569
2010-11-11,11.3089294433594
2010-11-12,11.0010709762573
2010-11-15,10.9657144546509
2010-11-16,10.771071434021
2010-11-17,10.7321434020996
2010-11-18,11.0153570175171
2010-11-19,10.9546432495117
2010-11-22,11.1914291381836
2010-11-23,11.0260705947876
2010-11-24,11.2428569793701
2010-11-26,11.25
2010-11-29,11.3167858123779
2010-11-30,11.1125001907349
2010-12-01,11.3000001907349
2010-12-02,11.3625001907349
2010-12-03,11.3371429443359
2010-12-06,11.4339294433594
2010-12-07,11.3646430969238
2010-12-08,11.4646425247192
2010-12-09,11.4200000762939
2010-12-10,11.4485712051392
2010-12-13,11.4882135391235
2010-12-14,11.438928604126
2010-12-15,11.4414291381836
2010-12-16,11.4732141494751
2010-12-17,11.4503574371338
2010-12-20,11.5074996948242
2010-12-21,11.5785713195801
2010-12-22,11.6128568649292
2010-12-23,11.5571432113647
2010-12-27,11.5957136154175
2010-12-28,11.6239290237427
2010-12-29,11.6175003051758
2010-12-30,11.5592861175537
2010-12-31,11.5200004577637
2011-01-03,11.770357131958
2011-01-04,11.8317861557007
2011-01-05,11.9285707473755
2011-01-06,11.9189291000366
2011-01-07,12.0042858123779
2011-01-10,12.230357170105
2011-01-11,12.2014293670654
2011-01-12,12.3007135391235
2011-01-13,12.3457136154175
2011-01-14,12.4457139968872
2011-01-18,12.1660709381104
2011-01-19,12.1014289855957
2011-01-20,11.8814287185669
2011-01-21,11.668571472168
2011-01-24,12.0517864227295
2011-01-25,12.1928567886353
2011-01-26,12.2803573608398
2011-01-27,12.2574996948242
2011-01-28,12.0035705566406
2011-01-31,12.1185712814331
2011-02-01,12.3225002288818
2011-02-02,12.2971429824829
2011-02-03,12.2657136917114
2011-02-04,12.375
2011-02-07,12.5671434402466
2011-02-08,12.6857137680054
2011-02-09,12.791428565979
2011-02-10,12.6621427536011
2011-02-11,12.7446432113647
2011-02-14,12.8278570175171
2011-02-15,12.8535709381104
2011-02-16,12.9689292907715
2011-02-17,12.7964286804199
2011-02-18,12.5200004577637
2011-02-22,12.0932140350342
2011-02-23,12.2364292144775
2011-02-24,12.2457141876221
2011-02-25,12.4342861175537
2011-02-28,12.6146430969238
2011-03-01,12.4753570556641
2011-03-02,12.5757141113281
2011-03-03,12.8414287567139
2011-03-04,12.8571434020996
2011-03-07,12.6914291381836
2011-03-08,12.705714225769
2011-03-09,12.5882139205933
2011-03-10,12.3810710906982
2011-03-11,12.5710706710815
2011-03-14,12.627142906189
2011-03-15,12.3367862701416
2011-03-16,11.7860708236694
2011-03-17,11.9514293670654
2011-03-18,11.809642791748
2011-03-21,12.1178569793701
2011-03-22,12.1857137680054
2011-03-23,12.1139287948608
2011-03-24,12.3203573226929
2011-03-25,12.5550003051758
2011-03-28,12.5157136917114
2011-03-29,12.5342855453491
2011-03-30,12.4510707855225
2011-03-31,12.4467859268188
2011-04-01,12.3057136535645
2011-04-04,12.185357093811
2011-04-05,12.103214263916
2011-04-06,12.0728569030762
2011-04-07,12.0742864608765
2011-04-08,11.9664287567139
2011-04-11,11.8142862319946
2011-04-12,11.8714294433594
2011-04-13,12.0046434402466
2011-04-14,11.872142791748
2011-04-15,11.6949996948242
2011-04-18,11.85178565979
2011-04-19,12.0664291381836
2011-04-20,12.228928565979
2011-04-21,12.5249996185303
2011-04-25,12.6075000762939
2011-04-26,12.5150003433228
2011-04-27,12.5053567886353
2011-04-28,12.3839292526245
2011-04-29,12.5046434402466
2011-05-02,12.3671426773071
2011-05-03,12.4357137680054
2011-05-04,12.4846429824829
2011-05-05,12.3839292526245
2011-05-06,12.3807144165039
2011-05-09,12.41428565979
2011-05-10,12.480357170105
2011-05-11,12.4010705947876
2011-05-12,12.3774995803833
2011-05-13,12.1607141494751
2011-05-16,11.9035711288452
2011-05-17,12.0050001144409
2011-05-18,12.1382141113281
2011-05-19,12.1617860794067
2011-05-20,11.9721431732178
2011-05-23,11.9428567886353
2011-05-24,11.8639287948608
2011-05-25,12.0278568267822
2011-05-26,11.9642858505249
2011-05-27,12.0503568649292
2011-05-31,12.4224996566772
2011-06-01,12.3396425247192
2011-06-02,12.3607139587402
2011-06-03,12.2657136917114
2011-06-06,12.0728569030762
2011-06-07,11.8585710525513
2011-06-08,11.8657140731812
2011-06-09,11.8389291763306
2011-06-10,11.6392860412598
2011-06-13,11.66428565979
2011-06-14,11.872857093811
2011-06-15,11.6696434020996
2011-06-16,11.6128568649292
2011-06-17,11.4378566741943
2011-06-20,11.2614288330078
2011-06-21,11.6178569793701
2011-06-22,11.521785736084
2011-06-23,11.8296432495117
2011-06-24,11.6553573608398
2011-06-27,11.8585710525513
2011-06-28,11.9735708236694
2011-06-29,11.9300003051758
2011-06-30,11.9882135391235
2011-07-01,12.2592859268188
2011-07-05,12.479642868042
2011-07-06,12.5628566741943
2011-07-07,12.7571430206299
2011-07-08,12.8467855453491
2011-07-11,12.6428565979004
2011-07-12,12.6339292526245
2011-07-13,12.7864294052124
2011-07-14,12.7775001525879
2011-07-15,13.0328569412231
2011-07-18,13.3500003814697
2011-07-19,13.4589290618896
2011-07-20,13.8178567886353
2011-07-21,13.8317861557007
2011-07-22,14.0464286804199
2011-07-25,14.2321434020996
2011-07-26,14.4075002670288
2011-07-27,14.021071434021
2011-07-28,13.9935712814331
2011-07-29,13.9457139968872
2011-08-01,14.1696434020996
2011-08-02,13.8896427154541
2011-08-03,14.020357131958
2011-08-04,13.477499961853
2011-08-05,13.3435707092285
2011-08-08,12.6146430969238
2011-08-09,13.3575000762939
2011-08-10,12.9889287948608
2011-08-11,13.3464288711548
2011-08-12,13.4639291763306
2011-08-15,13.6932144165039
2011-08-16,13.5885705947876
2011-08-17,13.5871429443359
2011-08-18,13.0732135772705
2011-08-19,12.7153568267822
2011-08-22,12.7299995422363
2011-08-23,13.3428573608398
2011-08-24,13.4350004196167
2011-08-25,13.3471431732178
2011-08-26,13.6992864608765
2011-08-29,13.9274997711182
2011-08-30,13.9282140731812
2011-08-31,13.7439289093018
2011-09-01,13.6082143783569
2011-09-02,13.3589286804199
2011-09-06,13.5621433258057
2011-09-07,13.7117862701416
2011-09-08,13.7192859649658
2011-09-09,13.4814291000366
2011-09-12,13.5692863464355
2011-09-13,13.7364292144775
2011-09-14,13.9035711288452
2011-09-15,14.0342855453491
2011-09-16,14.3035707473755
2011-09-19,14.7010707855225
2011-09-20,14.7660713195801
2011-09-21,14.7192859649658
2011-09-22,14.3507137298584
2011-09-23,14.4392862319946
2011-09-26,14.3989286422729
2011-09-27,14.2592859268188
2011-09-28,14.1789293289185
2011-09-29,13.9489288330078
2011-09-30,13.6185712814331
2011-10-03,13.3785705566406
2011-10-04,13.3035707473755
2011-10-05,13.5089292526245
2011-10-06,13.477499961853
2011-10-07,13.207142829895
2011-10-10,13.8860712051392
2011-10-11,14.2960710525513
2011-10-12,14.3639287948608
2011-10-13,14.5867862701416
2011-10-14,15.0714292526245
2011-10-17,14.9996433258057
2011-10-18,15.0799999237061
2011-10-19,14.2364292144775
2011-10-20,14.1182136535645
2011-10-21,14.0310707092285
2011-10-24,14.4917860031128
2011-10-25,14.2060708999634
2011-10-26,14.3071432113647
2011-10-27,14.4532136917114
2011-10-28,14.4624996185303
2011-10-31,14.456428527832
2011-11-01,14.1610708236694
2011-11-02,14.1932144165039
2011-11-03,14.395357131958
2011-11-04,14.294285774231
2011-11-07,14.2760705947876
2011-11-08,14.5082139968872
2011-11-09,14.1171426773071
2011-11-10,13.7578573226929
2011-11-11,13.7364292144775
2011-11-14,13.5450000762939
2011-11-15,13.8867864608765
2011-11-16,13.7417860031128
2011-11-17,13.478928565979
2011-11-18,13.3907136917114
2011-11-21,13.1789293289185
2011-11-22,13.4467859268188
2011-11-23,13.106785774231
2011-11-25,12.9846429824829
2011-11-28,13.4328565597534
2011-11-29,13.3285713195801
2011-11-30,13.6499996185303
2011-12-01,13.854642868042
2011-12-02,13.917857170105
2011-12-05,14.0360708236694
2011-12-06,13.9624996185303
2011-12-07,13.896071434021
2011-12-08,13.9521427154541
2011-12-09,14.0578565597534
2011-12-12,13.9942855834961
2011-12-13,13.8860712051392
2011-12-14,13.5782136917114
2011-12-15,13.5335712432861
2011-12-16,13.6078567504883
2011-12-19,13.6503572463989
2011-12-20,14.1410713195801
2011-12-21,14.1589288711548
2011-12-22,14.2339286804199
2011-12-23,14.4046430587769
2011-12-27,14.518928527832
2011-12-28,14.3800001144409
2011-12-29,14.4685707092285
2011-12-30,14.4642858505249
2012-01-03,14.686785697937
2012-01-04,14.7657136917114
2012-01-05,14.9296426773071
2012-01-06,15.08571434021
2012-01-09,15.061785697937
2012-01-10,15.1157140731812
2012-01-11,15.0910711288452
2012-01-12,15.0496425628662
2012-01-13,14.9932136535645
2012-01-17,15.167857170105
2012-01-18,15.3253574371338
2012-01-19,15.2767858505249
2012-01-20,15.0107135772705
2012-01-23,15.2646427154541
2012-01-24,15.0146427154541
2012-01-25,15.9521427154541
2012-01-26,15.8796434402466
2012-01-27,15.9742860794067
2012-01-30,16.1789283752441
2012-01-31,16.3028564453125
2012-02-01,16.2924995422363
2012-02-02,16.2542858123779
2012-02-03,16.417142868042
2012-02-06,16.5703563690186
2012-02-07,16.7439289093018
2012-02-08,17.0242862701416
2012-02-09,17.6132144927979
2012-02-10,17.622142791748
2012-02-13,17.9500007629395
2012-02-14,18.1949996948242
2012-02-15,17.7739295959473
2012-02-16,17.936071395874
2012-02-17,17.9328575134277
2012-02-21,18.3875007629395
2012-02-22,18.3228569030762
2012-02-23,18.4424991607666
2012-02-24,18.6574993133545
2012-02-27,18.7771434783936
2012-02-28,19.1217861175537
2012-02-29,19.3728561401367
2012-03-01,19.4453563690186
2012-03-02,19.4707145690918
2012-03-05,19.0414295196533
2012-03-06,18.9378566741943
2012-03-07,18.9532146453857
2012-03-08,19.3567867279053
2012-03-09,19.4703578948975
2012-03-12,19.7142868041992
2012-03-13,20.28928565979
2012-03-14,21.0564289093018
2012-03-15,20.9128570556641
2012-03-16,20.9132137298584
2012-03-19,21.4678573608398
2012-03-20,21.641429901123
2012-03-21,21.5178565979004
2012-03-22,21.4050006866455
2012-03-23,21.2875003814697
2012-03-26,21.6778564453125
2012-03-27,21.9457149505615
2012-03-28,22.0578575134277
2012-03-29,21.7807140350342
2012-03-30,21.4125003814697
2012-04-02,22.0939292907715
2012-04-03,22.4757137298584
2012-04-04,22.2967853546143
2012-04-05,22.6314296722412
2012-04-09,22.7224998474121
2012-04-10,22.4442863464355
2012-04-11,22.3642864227295
2012-04-12,22.2417850494385
2012-04-13,21.6153564453125
2012-04-16,20.7189292907715
2012-04-17,21.7749996185303
2012-04-18,21.7264289855957
2012-04-19,20.9799995422363
2012-04-20,20.4635715484619
2012-04-23,20.4178562164307
2012-04-24,20.0100002288818
2012-04-25,21.7857131958008
2012-04-26,21.7035713195801
2012-04-27,21.5357131958008
2012-04-30,20.8564281463623
2012-05-01,20.7903575897217
2012-05-02,20.9278564453125
2012-05-03,20.7792854309082
2012-05-04,20.1875
2012-05-07,20.3385715484619
2012-05-08,20.292142868042
2012-05-09,20.3278560638428
2012-05-10,20.3757133483887
2012-05-11,20.2396430969238
2012-05-14,19.9364280700684
2012-05-15,19.7560710906982
2012-05-16,19.502857208252
2012-05-17,18.9328575134277
2012-05-18,18.9421424865723
2012-05-21,20.0457134246826
2012-05-22,19.8917865753174
2012-05-23,20.3771438598633
2012-05-24,20.1900005340576
2012-05-25,20.0817852020264
2012-05-29,20.4382133483887
2012-05-30,20.684642791748
2012-05-31,20.6332149505615
2012-06-01,20.0353565216064
2012-06-04,20.1532135009766
2012-06-05,20.1010704040527
2012-06-06,20.4092864990234
2012-06-07,20.418571472168
2012-06-08,20.7257137298584
2012-06-11,20.3989295959473
2012-06-12,20.5771427154541
2012-06-13,20.4342861175537
2012-06-14,20.4117851257324
2012-06-15,20.5046424865723
2012-06-18,20.9207134246826
2012-06-19,20.9789295196533
2012-06-20,20.9192867279053
2012-06-21,20.6310710906982
2012-06-22,20.78928565979
2012-06-25,20.3846435546875
2012-06-26,20.4296436309814
2012-06-27,20.5178565979004
2012-06-28,20.3232135772705
2012-06-29,20.8571434020996
2012-07-02,21.1614284515381
2012-07-03,21.4074993133545
2012-07-05,21.7835712432861
2012-07-06,21.6385707855225
2012-07-09,21.9246425628662
2012-07-10,21.7217864990234
2012-07-11,21.5867862701416
2012-07-12,21.3892860412598
2012-07-13,21.606071472168
2012-07-16,21.6753578186035
2012-07-17,21.6764297485352
2012-07-18,21.6521434783936
2012-07-19,21.9400005340576
2012-07-20,21.5821437835693
2012-07-23,21.565357208252
2012-07-24,21.4614295959473
2012-07-25,20.5346431732178
2012-07-26,20.5314292907715
2012-07-27,20.8985710144043
2012-07-30,21.2510719299316
2012-07-31,21.8128566741943
2012-08-01,21.6717853546143
2012-08-02,21.7067852020264
2012-08-03,21.9892864227295
2012-08-06,22.2339286804199
2012-08-07,22.1753578186035
2012-08-08,22.1378574371338
2012-08-09,22.1689281463623
2012-08-10,22.2035713195801
2012-08-13,22.5
2012-08-14,22.5603561401367
2012-08-15,22.5296421051025
2012-08-16,22.7264289855957
2012-08-17,23.146785736084
2012-08-20,23.7553577423096
2012-08-21,23.4307136535645
2012-08-22,23.8882141113281
2012-08-23,23.6653575897217
2012-08-24,23.6864280700684
2012-08-27,24.1314296722412
2012-08-28,24.1000003814697
2012-08-29,24.0524997711182
2012-08-30,23.7096424102783
2012-08-31,23.7585716247559
2012-09-04,24.106071472168
2012-09-05,23.9367866516113
2012-09-06,24.1525001525879
2012-09-07,24.3014297485352
2012-09-10,23.6692867279053
2012-09-11,23.5925006866455
2012-09-12,23.921070098877
2012-09-13,24.3921432495117
2012-09-14,24.6885719299316
2012-09-17,24.9921436309814
2012-09-18,25.0682144165039
2012-09-19,25.0750007629395
2012-09-20,24.9535713195801
2012-09-21,25.0032138824463
2012-09-24,24.671070098877
2012-09-25,24.0550003051758
2012-09-26,23.7564296722412
2012-09-27,24.332857131958
2012-09-28,23.8250007629395
2012-10-01,23.5496425628662
2012-10-02,23.6182136535645
2012-10-03,23.9803562164307
2012-10-04,23.8142852783203
2012-10-05,23.3067855834961
2012-10-08,22.7917861938477
2012-10-09,22.7089290618896
2012-10-10,22.8896427154541
2012-10-11,22.4321422576904
2012-10-12,22.4896430969238
2012-10-15,22.6700000762939
2012-10-16,23.2067852020264
2012-10-17,23.021785736084
2012-10-18,22.5942859649658
2012-10-19,21.7800006866455
2012-10-22,22.643928527832
2012-10-23,21.9057140350342
2012-10-24,22.0296421051025
2012-10-25,21.7692852020264
2012-10-26,21.5714282989502
2012-10-31,21.2614288330078
2012-11-01,21.3050003051758
2012-11-02,20.6000003814697
2012-11-05,20.8792858123779
2012-11-06,20.8160705566406
2012-11-07,19.9285717010498
2012-11-08,19.2053565979004
2012-11-09,19.5378570556641
2012-11-12,19.3867855072021
2012-11-13,19.3892860412598
2012-11-14,19.1742858886719
2012-11-15,18.7721424102783
2012-11-16,18.8457145690918
2012-11-19,20.2046432495117
2012-11-20,20.0324993133545
2012-11-21,20.0607147216797
2012-11-23,20.4107131958008
2012-11-26,21.0546436309814
2012-11-27,20.8850002288818
2012-11-28,20.8192863464355
2012-11-29,21.0485706329346
2012-11-30,20.9028568267822
2012-12-03,20.9353561401367
2012-12-04,20.5660705566406
2012-12-05,19.2425003051758
2012-12-06,19.5442867279053
2012-12-07,19.0446434020996
2012-12-10,18.9221439361572
2012-12-11,19.3353576660156
2012-12-12,19.25
2012-12-13,18.9174995422363
2012-12-14,18.2067852020264
2012-12-17,18.5296421051025
2012-12-18,19.0678577423096
2012-12-19,18.7967853546143
2012-12-20,18.6332149505615
2012-12-21,18.5475006103516
2012-12-24,18.5774993896484
2012-12-26,18.3214282989502
2012-12-27,18.3950004577637
2012-12-28,18.1996421813965
2012-12-31,19.0060710906982
2013-01-02,19.6082134246826
2013-01-03,19.3607139587402
2013-01-04,18.8214282989502
2013-01-07,18.71071434021
2013-01-08,18.7610702514648
2013-01-09,18.4678573608398
2013-01-10,18.6967868804932
2013-01-11,18.5821437835693
2013-01-14,17.9196434020996
2013-01-15,17.3542861938477
2013-01-16,18.0746421813965
2013-01-17,17.9528560638428
2013-01-18,17.8571434020996
2013-01-22,18.0275001525879
2013-01-23,18.3575000762939
2013-01-24,16.0892868041992
2013-01-25,15.710000038147
2013-01-28,16.065357208252
2013-01-29,16.3667850494385
2013-01-30,16.315357208252
2013-01-31,16.2674999237061
2013-02-01,16.2007141113281
2013-02-04,15.7971429824829
2013-02-05,16.3514289855957
2013-02-06,16.3339290618896
2013-02-07,16.7221431732178
2013-02-08,16.9635715484619
2013-02-11,17.1403560638428
2013-02-12,16.71071434021
2013-02-13,16.6789283752441
2013-02-14,16.6639289855957
2013-02-15,16.4342861175537
2013-02-19,16.4282131195068
2013-02-20,16.0303573608398
2013-02-21,15.9307136535645
2013-02-22,16.1003570556641
2013-02-25,15.8142862319946
2013-02-26,16.0346431732178
2013-02-27,15.8774995803833
2013-02-28,15.7642860412598
2013-03-01,15.3739290237427
2013-03-04,15.0017862319946
2013-03-05,15.3978567123413
2013-03-06,15.2021427154541
2013-03-07,15.377857208252
2013-03-08,15.418571472168
2013-03-11,15.6382141113281
2013-03-12,15.3010711669922
2013-03-13,15.2982139587402
2013-03-14,15.4464292526245
2013-03-15,15.8450002670288
2013-03-18,16.2757148742676
2013-03-19,16.2317867279053
2013-03-20,16.1457138061523
2013-03-21,16.1689281463623
2013-03-22,16.4967861175537
2013-03-25,16.5564289093018
2013-03-26,16.4692859649658
2013-03-27,16.1457138061523
2013-03-28,15.8092861175537
2013-04-01,15.3182144165039
2013-04-02,15.3496427536011
2013-04-03,15.4282140731812
2013-04-04,15.2757139205933
2013-04-05,15.1142864227295
2013-04-08,15.2217855453491
2013-04-09,15.249285697937
2013-04-10,15.560357093811
2013-04-11,15.5117864608765
2013-04-12,15.3500003814697
2013-04-15,14.9946432113647
2013-04-16,15.2228574752808
2013-04-17,14.3857135772705
2013-04-18,14.0017862319946
2013-04-19,13.9475002288818
2013-04-22,14.2382135391235
2013-04-23,14.5046434402466
2013-04-24,14.4807138442993
2013-04-25,14.585000038147
2013-04-26,14.8999996185303
2013-04-29,15.3614292144775
2013-04-30,15.8135709762573
2013-05-01,15.688928604126
2013-05-02,15.9114294052124
2013-05-03,16.0707149505615
2013-05-06,16.453929901123
2013-05-07,16.3807144165039
2013-05-08,16.5657138824463
2013-05-09,16.3132133483887
2013-05-10,16.1774997711182
2013-05-13,16.2407131195068
2013-05-14,15.8521432876587
2013-05-15,15.3160705566406
2013-05-16,15.5207138061523
2013-05-17,15.4735708236694
2013-05-20,15.8189287185669
2013-05-21,15.7021427154541
2013-05-22,15.7624998092651
2013-05-23,15.790714263916
2013-05-24,15.89821434021
2013-05-28,15.7657136917114
2013-05-29,15.8910713195801
2013-05-30,16.127857208252
2013-05-31,16.0617866516113
2013-06-03,16.0971431732178
2013-06-04,16.0467853546143
2013-06-05,15.896785736084
2013-06-06,15.6592855453491
2013-06-07,15.7789287567139
2013-06-10,15.6746425628662
2013-06-11,15.6285705566406
2013-06-12,15.435357093811
2013-06-13,15.5699996948242
2013-06-14,15.3589286804199
2013-06-17,15.4285707473755
2013-06-18,15.4203567504883
2013-06-19,15.1071434020996
2013-06-20,14.8871431350708
2013-06-21,14.7678565979004
2013-06-24,14.376428604126
2013-06-25,14.3796434402466
2013-06-26,14.2167863845825
2013-06-27,14.0635709762573
2013-06-28,14.1617860794067
2013-07-01,14.6149997711182
2013-07-02,14.9460706710815
2013-07-03,15.0285711288452
2013-07-05,14.9078569412231
2013-07-08,14.8232135772705
2013-07-09,15.0839290618896
2013-07-10,15.0260705947876
2013-07-11,15.2603569030762
2013-07-12,15.2325000762939
2013-07-15,15.2657136917114
2013-07-16,15.3642864227295
2013-07-17,15.3682136535645
2013-07-18,15.4200000762939
2013-07-19,15.1767864227295
2013-07-22,15.2253570556641
2013-07-23,14.9639291763306
2013-07-24,15.7325000762939
2013-07-25,15.6607141494751
2013-07-26,15.7496433258057
2013-07-29,15.9925003051758
2013-07-30,16.1900005340576
2013-07-31,16.1617851257324
2013-08-01,16.3099994659424
2013-08-02,16.5192852020264
2013-08-05,16.7660713195801
2013-08-06,16.6160717010498
2013-08-07,16.6064281463623
2013-08-08,16.4646434783936
2013-08-09,16.2303562164307
2013-08-12,16.6914291381836
2013-08-13,17.4846439361572
2013-08-14,17.8035717010498
2013-08-15,17.7824993133545
2013-08-16,17.940357208252
2013-08-19,18.1335716247559
2013-08-20,17.895357131958
2013-08-21,17.9414291381836
2013-08-22,17.9628562927246
2013-08-23,17.8935718536377
2013-08-26,17.9632148742676
2013-08-27,17.4496421813965
2013-08-28,17.5321426391602
2013-08-29,17.5607147216797
2013-08-30,17.4007148742676
2013-09-03,17.4492855072021
2013-09-04,17.8103561401367
2013-09-05,17.6882133483887
2013-09-06,17.793571472168
2013-09-09,18.0774993896484
2013-09-10,17.665714263916
2013-09-11,16.703929901123
2013-09-12,16.8817863464355
2013-09-13,16.6035709381104
2013-09-16,16.0757141113281
2013-09-17,16.2614288330078
2013-09-18,16.5957145690918
2013-09-19,16.8678569793701
2013-09-20,16.6932144165039
2013-09-23,17.5228576660156
2013-09-24,17.4678573608398
2013-09-25,17.1975002288818
2013-09-26,17.3649997711182
2013-09-27,17.2410717010498
2013-09-30,17.0267868041992
2013-10-01,17.4271430969238
2013-10-02,17.4842853546143
2013-10-03,17.2646427154541
2013-10-04,17.2510719299316
2013-10-07,17.4196434020996
2013-10-08,17.1764297485352
2013-10-09,17.3782138824463
2013-10-10,17.4871425628662
2013-10-11,17.6003570556641
2013-10-14,17.7157135009766
2013-10-15,17.8099994659424
2013-10-16,17.896785736084
2013-10-17,18.0178565979004
2013-10-18,18.1746425628662
2013-10-21,18.6200008392334
2013-10-22,18.5667858123779
2013-10-23,18.748571395874
2013-10-24,18.9967861175537
2013-10-25,18.7842864990234
2013-10-28,18.9242858886719
2013-10-29,18.4528560638428
2013-10-30,18.7464294433594
2013-10-31,18.6678562164307
2013-11-01,18.5725002288818
2013-11-04,18.8125
2013-11-05,18.7660713195801
2013-11-06,18.6042861938477
2013-11-07,18.3032131195068
2013-11-08,18.5914287567139
2013-11-11,18.5375003814697
2013-11-12,18.5717868804932
2013-11-13,18.5939292907715
2013-11-14,18.8628578186035
2013-11-15,18.7496433258057
2013-11-18,18.5224990844727
2013-11-19,18.5553569793701
2013-11-20,18.3928565979004
2013-11-21,18.6121425628662
2013-11-22,18.5642852783203
2013-11-25,18.7049999237061
2013-11-26,19.0499992370605
2013-11-27,19.498571395874
2013-11-29,19.8596439361572
2013-12-02,19.6867866516113
2013-12-03,20.2257137298584
2013-12-04,20.1785717010498
2013-12-05,20.2821426391602
2013-12-06,20.0007133483887
2013-12-09,20.229642868042
2013-12-10,20.1982135772705
2013-12-11,20.0485706329346
2013-12-12,20.0192852020264
2013-12-13,19.8010711669922
2013-12-16,19.9107131958008
2013-12-17,19.8210716247559
2013-12-18,19.6703567504883
2013-12-19,19.4449996948242
2013-12-20,19.6078567504883
2013-12-23,20.3603572845459
2013-12-24,20.2739295959473
2013-12-26,20.1392860412598
2013-12-27,20.0032138824463
2013-12-30,19.8042850494385
2013-12-31,20.0364284515381
2014-01-02,19.7546424865723
2014-01-03,19.3207149505615
2014-01-06,19.4260711669922
2014-01-07,19.2871437072754
2014-01-08,19.4092864990234
2014-01-09,19.1614284515381
2014-01-10,19.0335712432861
2014-01-13,19.1332149505615
2014-01-14,19.5139293670654
2014-01-15,19.9057140350342
2014-01-16,19.7946434020996
2014-01-17,19.309642791748
2014-01-21,19.6096439361572
2014-01-22,19.6967868804932
2014-01-23,19.8635711669922
2014-01-24,19.5025005340576
2014-01-27,19.6607131958008
2014-01-28,18.0892868041992
2014-01-29,17.8839282989502
2014-01-30,17.8492851257324
2014-01-31,17.8785705566406
2014-02-03,17.9117851257324
2014-02-04,18.171070098877
2014-02-05,18.3067855834961
2014-02-06,18.3039283752441
2014-02-07,18.5599994659424
2014-02-10,18.8924999237061
2014-02-11,19.141429901123
2014-02-12,19.1399993896484
2014-02-13,19.4439296722412
2014-02-14,19.4282131195068
2014-02-18,19.4996433258057
2014-02-19,19.1917858123779
2014-02-20,18.9696426391602
2014-02-21,18.7589282989502
2014-02-24,18.8410701751709
2014-02-25,18.6450004577637
2014-02-26,18.47678565979
2014-02-27,18.8453578948975
2014-02-28,18.7942867279053
2014-03-03,18.8485717773438
2014-03-04,18.9728565216064
2014-03-05,19.0128574371338
2014-03-06,18.9553565979004
2014-03-07,18.9442863464355
2014-03-10,18.9614295959473
2014-03-11,19.1460704803467
2014-03-12,19.1646423339844
2014-03-13,18.9517860412598
2014-03-14,18.7389297485352
2014-03-17,18.8121433258057
2014-03-18,18.9785709381104
2014-03-19,18.9735717773438
2014-03-20,18.8821430206299
2014-03-21,19.0310707092285
2014-03-24,19.2567863464355
2014-03-25,19.4639282226562
2014-03-26,19.2778568267822
2014-03-27,19.1949996948242
2014-03-28,19.1735706329346
2014-03-31,19.1692867279053
2014-04-01,19.3446426391602
2014-04-02,19.3767852783203
2014-04-03,19.2425003051758
2014-04-04,18.9935703277588
2014-04-07,18.6953563690186
2014-04-08,18.6942863464355
2014-04-09,18.9400005340576
2014-04-10,18.6957149505615
2014-04-11,18.5575008392334
2014-04-14,18.6314296722412
2014-04-15,18.498571395874
2014-04-16,18.5360717773438
2014-04-17,18.7478561401367
2014-04-21,18.9703578948975
2014-04-22,18.9892864227295
2014-04-23,18.7410717010498
2014-04-24,20.2775001525879
2014-04-25,20.4264297485352
2014-04-28,21.2175006866455
2014-04-29,21.1546421051025
2014-04-30,21.0746421813965
2014-05-01,21.1242866516113
2014-05-02,21.1635704040527
2014-05-05,21.4628562927246
2014-05-06,21.2289295196533
2014-05-07,21.1546421051025
2014-05-08,20.9996433258057
2014-05-09,20.9121437072754
2014-05-12,21.1725006103516
2014-05-13,21.2057132720947
2014-05-14,21.2096424102783
2014-05-15,21.0292854309082
2014-05-16,21.3396434783936
2014-05-19,21.5925006866455
2014-05-20,21.5967864990234
2014-05-21,21.6539287567139
2014-05-22,21.6882133483887
2014-05-23,21.9332141876221
2014-05-27,22.3439292907715
2014-05-28,22.2860717773438
2014-05-29,22.6921424865723
2014-05-30,22.6071434020996
2014-06-02,22.4517860412598
2014-06-03,22.7692852020264
2014-06-04,23.0292854309082
2014-06-05,23.1196422576904
2014-06-06,23.0560703277588
2014-06-09,23.4249992370605
2014-06-10,23.5625
2014-06-11,23.4650001525879
2014-06-12,23.0725002288818
2014-06-13,22.8199996948242
2014-06-16,23.0499992370605
2014-06-17,23.0200004577637
2014-06-18,23.0450000762939
2014-06-19,22.9650001525879
2014-06-20,22.7275009155273
2014-06-23,22.7075004577637
2014-06-24,22.5699996948242
2014-06-25,22.5900001525879
2014-06-26,22.7250003814697
2014-06-27,22.9950008392334
2014-06-30,23.2325000762939
2014-07-01,23.3799991607666
2014-07-02,23.3700008392334
2014-07-03,23.5074996948242
2014-07-07,23.9925003051758
2014-07-08,23.8374996185303
2014-07-09,23.8474998474121
2014-07-10,23.7600002288818
2014-07-11,23.8050003051758
2014-07-14,24.1124992370605
2014-07-15,23.8299999237061
2014-07-16,23.6949996948242
2014-07-17,23.2724990844727
2014-07-18,23.6075000762939
2014-07-21,23.4850006103516
2014-07-22,23.6800003051758
2014-07-23,24.2975006103516
2014-07-24,24.2574996948242
2014-07-25,24.4174995422363
2014-07-28,24.7549991607666
2014-07-29,24.5949993133545
2014-07-30,24.5375003814697
2014-07-31,23.8999996185303
2014-08-01,24.0324993133545
2014-08-04,23.8974990844727
2014-08-05,23.7800006866455
2014-08-06,23.7399997711182
2014-08-07,23.6200008392334
2014-08-08,23.6849994659424
2014-08-11,23.9974994659424
2014-08-12,23.9925003051758
2014-08-13,24.3099994659424
2014-08-14,24.375
2014-08-15,24.4950008392334
2014-08-18,24.7900009155273
2014-08-19,25.1324996948242
2014-08-20,25.1424999237061
2014-08-21,25.1450004577637
2014-08-22,25.3299999237061
2014-08-25,25.3850002288818
2014-08-26,25.2224998474121
2014-08-27,25.5324993133545
2014-08-28,25.5625
2014-08-29,25.625
2014-09-02,25.8250007629395
2014-09-03,24.7350006103516
2014-09-04,24.5300006866455
2014-09-05,24.7425003051758
2014-09-08,24.5900001525879
2014-09-09,24.4974994659424
2014-09-10,25.25
2014-09-11,25.3575000762939
2014-09-12,25.4150009155273
2014-09-15,25.4074993133545
2014-09-16,25.2150001525879
2014-09-17,25.3950004577637
2014-09-18,25.4475002288818
2014-09-19,25.2399997711182
2014-09-22,25.2649993896484
2014-09-23,25.6599998474121
2014-09-24,25.4375
2014-09-25,24.4675006866455
2014-09-26,25.1875
2014-09-29,25.0275001525879
2014-09-30,25.1875
2014-10-01,24.7950000762939
2014-10-02,24.9750003814697
2014-10-03,24.9050006866455
2014-10-06,24.9050006866455
2014-10-07,24.6875
2014-10-08,25.2000007629395
2014-10-09,25.2549991607666
2014-10-10,25.1825008392334
2014-10-13,24.9524993896484
2014-10-14,24.6875
2014-10-15,24.3850002288818
2014-10-16,24.0650005340576
2014-10-17,24.4174995422363
2014-10-20,24.9400005340576
2014-10-21,25.6175003051758
2014-10-22,25.7474994659424
2014-10-23,26.2075004577637
2014-10-24,26.3050003051758
2014-10-27,26.2775001525879
2014-10-28,26.6849994659424
2014-10-29,26.8349990844727
2014-10-30,26.7450008392334
2014-10-31,27
2014-11-03,27.3500003814697
2014-11-04,27.1499996185303
2014-11-05,27.2150001525879
2014-11-06,27.1749992370605
2014-11-07,27.2525005340576
2014-11-10,27.2075004577637
2014-11-11,27.4249992370605
2014-11-12,27.8125
2014-11-13,28.2049999237061
2014-11-14,28.5450000762939
2014-11-17,28.4974994659424
2014-11-18,28.8675003051758
2014-11-19,28.6674995422363
2014-11-20,29.0774993896484
2014-11-21,29.1175003051758
2014-11-24,29.6574993133545
2014-11-25,29.3999996185303
2014-11-26,29.75
2014-11-28,29.7325000762939
2014-12-01,28.7674999237061
2014-12-02,28.6574993133545
2014-12-03,28.9825000762939
2014-12-04,28.8724994659424
2014-12-05,28.75
2014-12-08,28.1000003814697
2014-12-09,28.5300006866455
2014-12-10,27.9874992370605
2014-12-11,27.9050006866455
2014-12-12,27.4325008392334
2014-12-15,27.0575008392334
2014-12-16,26.6875
2014-12-17,27.3525009155273
2014-12-18,28.1625003814697
2014-12-19,27.9449996948242
2014-12-22,28.2350006103516
2014-12-23,28.1350002288818
2014-12-24,28.0025005340576
2014-12-26,28.4974994659424
2014-12-29,28.4775009155273
2014-12-30,28.1299991607666
2014-12-31,27.5949993133545
2015-01-02,27.3325004577637
2015-01-05,26.5625
2015-01-06,26.5650005340576
2015-01-07,26.9375
2015-01-08,27.9724998474121
2015-01-09,28.0025005340576
2015-01-12,27.3125
2015-01-13,27.5550003051758
2015-01-14,27.4500007629395
2015-01-15,26.7049999237061
2015-01-16,26.4974994659424
2015-01-20,27.1800003051758
2015-01-21,27.3875007629395
2015-01-22,28.1000003814697
2015-01-23,28.2450008392334
2015-01-26,28.2749996185303
2015-01-27,27.2849998474121
2015-01-28,28.8274993896484
2015-01-29,29.7250003814697
2015-01-30,29.2900009155273
2015-02-02,29.6574993133545
2015-02-03,29.6625003814697
2015-02-04,29.8899993896484
2015-02-05,29.9850006103516
2015-02-06,29.7325000762939
2015-02-09,29.9300003051758
2015-02-10,30.5049991607666
2015-02-11,31.2199993133545
2015-02-12,31.6149997711182
2015-02-13,31.7700004577637
2015-02-17,31.9575004577637
2015-02-18,32.1800003051758
2015-02-19,32.1124992370605
2015-02-20,32.375
2015-02-23,33.25
2015-02-24,33.0424995422363
2015-02-25,32.1974983215332
2015-02-26,32.6049995422363
2015-02-27,32.1150016784668
2015-03-02,32.2724990844727
2015-03-03,32.3400001525879
2015-03-04,32.1349983215332
2015-03-05,31.6025009155273
2015-03-06,31.6499996185303
2015-03-09,31.7849998474121
2015-03-10,31.1275005340576
2015-03-11,30.5599994659424
2015-03-12,31.1124992370605
2015-03-13,30.8974990844727
2015-03-16,31.2374992370605
2015-03-17,31.7600002288818
2015-03-18,32.1175003051758
2015-03-19,31.875
2015-03-20,31.4750003814697
2015-03-23,31.8024997711182
2015-03-24,31.6725006103516
2015-03-25,30.8449993133545
2015-03-26,31.0599994659424
2015-03-27,30.8125
2015-03-30,31.5925006866455
2015-03-31,31.1075000762939
2015-04-01,31.0625
2015-04-02,31.3299999237061
2015-04-06,31.8374996185303
2015-04-07,31.5025005340576
2015-04-08,31.3999996185303
2015-04-09,31.6399993896484
2015-04-10,31.7749996185303
2015-04-13,31.7124996185303
2015-04-14,31.5750007629395
2015-04-15,31.6949996948242
2015-04-16,31.5424995422363
2015-04-17,31.1875
2015-04-20,31.8999996185303
2015-04-21,31.7275009155273
2015-04-22,32.1549987792969
2015-04-23,32.4174995422363
2015-04-24,32.5699996948242
2015-04-27,33.1624984741211
2015-04-28,32.6399993896484
2015-04-29,32.1599998474121
2015-04-30,31.2875003814697
2015-05-01,32.2374992370605
2015-05-04,32.1749992370605
2015-05-05,31.4500007629395
2015-05-06,31.2525005340576
2015-05-07,31.3150005340576
2015-05-08,31.9050006866455
2015-05-11,31.5799999237061
2015-05-12,31.4675006866455
2015-05-13,31.5025005340576
2015-05-14,32.2374992370605
2015-05-15,32.1925010681152
2015-05-18,32.5475006103516
2015-05-19,32.5175018310547
2015-05-20,32.5149993896484
2015-05-21,32.8474998474121
2015-05-22,33.1349983215332
2015-05-26,32.4049987792969
2015-05-27,33.0099983215332
2015-05-28,32.9449996948242
2015-05-29,32.5699996948242
2015-06-01,32.6349983215332
2015-06-02,32.4900016784668
2015-06-03,32.5299987792969
2015-06-04,32.3400001525879
2015-06-05,32.1624984741211
2015-06-08,31.9500007629395
2015-06-09,31.8549995422363
2015-06-10,32.2200012207031
2015-06-11,32.1474990844727
2015-06-12,31.7924995422363
2015-06-15,31.7299995422363
2015-06-16,31.8999996185303
2015-06-17,31.8250007629395
2015-06-18,31.9699993133545
2015-06-19,31.6499996185303
2015-06-22,31.9025001525879
2015-06-23,31.7574996948242
2015-06-24,32.0275001525879
2015-06-25,31.875
2015-06-26,31.6875
2015-06-29,31.1324996948242
2015-06-30,31.3575000762939
2015-07-01,31.6499996185303
2015-07-02,31.6100006103516
2015-07-06,31.5
2015-07-07,31.4225006103516
2015-07-08,30.6424999237061
2015-07-09,30.0174999237061
2015-07-10,30.8199996948242
2015-07-13,31.4150009155273
2015-07-14,31.4025001525879
2015-07-15,31.7049999237061
2015-07-16,32.127498626709
2015-07-17,32.4049987792969
2015-07-20,33.0175018310547
2015-07-21,32.6875
2015-07-22,31.3050003051758
2015-07-23,31.2900009155273
2015-07-24,31.125
2015-07-27,30.6924991607666
2015-07-28,30.8449993133545
2015-07-29,30.7474994659424
2015-07-30,30.5925006866455
2015-07-31,30.3250007629395
2015-08-03,29.6100006103516
2015-08-04,28.6599998474121
2015-08-05,28.8500003814697
2015-08-06,28.7824993133545
2015-08-07,28.8799991607666
2015-08-10,29.9300003051758
2015-08-11,28.3724994659424
2015-08-12,28.8099994659424
2015-08-13,28.7875003814697
2015-08-14,28.9899997711182
2015-08-17,29.2900009155273
2015-08-18,29.125
2015-08-19,28.7525005340576
2015-08-20,28.1625003814697
2015-08-21,26.4400005340576
2015-08-24,25.7800006866455
2015-08-25,25.9349994659424
2015-08-26,27.4225006103516
2015-08-27,28.2299995422363
2015-08-28,28.3225002288818
2015-08-31,28.1900005340576
2015-09-01,26.9300003051758
2015-09-02,28.0849990844727
2015-09-03,27.5925006866455
2015-09-04,27.3174991607666
2015-09-08,28.0774993896484
2015-09-09,27.5375003814697
2015-09-10,28.1424999237061
2015-09-11,28.5524997711182
2015-09-14,28.8274993896484
2015-09-15,29.0699996948242
2015-09-16,29.1025009155273
2015-09-17,28.4799995422363
2015-09-18,28.3624992370605
2015-09-21,28.8024997711182
2015-09-22,28.3500003814697
2015-09-23,28.5799999237061
2015-09-24,28.75
2015-09-25,28.6774997711182
2015-09-28,28.1100006103516
2015-09-29,27.2649993896484
2015-09-30,27.5750007629395
2015-10-01,27.3950004577637
2015-10-02,27.5949993133545
2015-10-05,27.6949996948242
2015-10-06,27.8274993896484
2015-10-07,27.6949996948242
2015-10-08,27.375
2015-10-09,28.0300006866455
2015-10-12,27.8999996185303
2015-10-13,27.9475002288818
2015-10-14,27.5524997711182
2015-10-15,27.9650001525879
2015-10-16,27.7600002288818
2015-10-19,27.9325008392334
2015-10-20,28.4424991607666
2015-10-21,28.4400005340576
2015-10-22,28.875
2015-10-23,29.7700004577637
2015-10-26,28.8199996948242
2015-10-27,28.6375007629395
2015-10-28,29.8174991607666
2015-10-29,30.1324996948242
2015-10-30,29.875
2015-11-02,30.2950000762939
2015-11-03,30.6424999237061
2015-11-04,30.5
2015-11-05,30.2299995422363
2015-11-06,30.2649993896484
2015-11-09,30.1424999237061
2015-11-10,29.1924991607666
2015-11-11,29.0275001525879
2015-11-12,28.9300003051758
2015-11-13,28.0849990844727
2015-11-16,28.5450000762939
2015-11-17,28.4225006103516
2015-11-18,29.3225002288818
2015-11-19,29.6949996948242
2015-11-20,29.8250007629395
2015-11-23,29.4375
2015-11-24,29.7199993133545
2015-11-25,29.5074996948242
2015-11-27,29.4524993896484
2015-11-30,29.5750007629395
2015-12-01,29.3349990844727
2015-12-02,29.0699996948242
2015-12-03,28.7999992370605
2015-12-04,29.7574996948242
2015-12-07,29.5699996948242
2015-12-08,29.5575008392334
2015-12-09,28.9050006866455
2015-12-10,29.0424995422363
2015-12-11,28.2950000762939
2015-12-14,28.1200008392334
2015-12-15,27.6224994659424
2015-12-16,27.8349990844727
2015-12-17,27.2450008392334
2015-12-18,26.5074996948242
2015-12-21,26.8325004577637
2015-12-22,26.8075008392334
2015-12-23,27.1525001525879
2015-12-24,27.0074996948242
2015-12-28,26.7049999237061
2015-12-29,27.1849994659424
2015-12-30,26.8299999237061
2015-12-31,26.3150005340576
2016-01-04,26.3374996185303
2016-01-05,25.6774997711182
2016-01-06,25.1749992370605
2016-01-07,24.1124992370605
2016-01-08,24.2399997711182
2016-01-11,24.6324996948242
2016-01-12,24.9899997711182
2016-01-13,24.3474998474121
2016-01-14,24.8799991607666
2016-01-15,24.2824993133545
2016-01-19,24.1650009155273
2016-01-20,24.1975002288818
2016-01-21,24.0750007629395
2016-01-22,25.3549995422363
2016-01-25,24.8600006103516
2016-01-26,24.9974994659424
2016-01-27,23.3549995422363
2016-01-28,23.5224990844727
2016-01-29,24.3349990844727
2016-02-01,24.1075000762939
2016-02-02,23.6200008392334
2016-02-03,24.0874996185303
2016-02-04,24.1499996185303
2016-02-05,23.5049991607666
2016-02-08,23.7525005340576
2016-02-09,23.7474994659424
2016-02-10,23.5674991607666
2016-02-11,23.4249992370605
2016-02-12,23.4974994659424
2016-02-16,24.1599998474121
2016-02-17,24.5300006866455
2016-02-18,24.0650005340576
2016-02-19,24.0100002288818
2016-02-22,24.2199993133545
2016-02-23,23.6725006103516
2016-02-24,24.0249996185303
2016-02-25,24.1900005340576
2016-02-26,24.2275009155273
2016-02-29,24.1725006103516
2016-03-01,25.1324996948242
2016-03-02,25.1875
2016-03-03,25.375
2016-03-04,25.7525005340576
2016-03-07,25.4675006866455
2016-03-08,25.2574996948242
2016-03-09,25.2800006866455
2016-03-10,25.2924995422363
2016-03-11,25.5650005340576
2016-03-14,25.6299991607666
2016-03-15,26.1450004577637
2016-03-16,26.4925003051758
2016-03-17,26.4500007629395
2016-03-18,26.4799995422363
2016-03-21,26.4775009155273
2016-03-22,26.6800003051758
2016-03-23,26.5324993133545
2016-03-24,26.4174995422363
2016-03-28,26.2975006103516
2016-03-29,26.9200000762939
2016-03-30,27.3899993896484
2016-03-31,27.2474994659424
2016-04-01,27.4974994659424
2016-04-04,27.7800006866455
2016-04-05,27.4524993896484
2016-04-06,27.7399997711182
2016-04-07,27.1350002288818
2016-04-08,27.1650009155273
2016-04-11,27.2549991607666
2016-04-12,27.6100006103516
2016-04-13,28.0100002288818
2016-04-14,28.0249996185303
2016-04-15,27.4624996185303
2016-04-18,26.8700008392334
2016-04-19,26.7275009155273
2016-04-20,26.7824993133545
2016-04-21,26.4925003051758
2016-04-22,26.4200000762939
2016-04-25,26.2700004577637
2016-04-26,26.0874996185303
2016-04-27,24.4549999237061
2016-04-28,23.7075004577637
2016-04-29,23.4349994659424
2016-05-02,23.4099998474121
2016-05-03,23.7950000762939
2016-05-04,23.5475006103516
2016-05-05,23.3099994659424
2016-05-06,23.1800003051758
2016-05-09,23.1975002288818
2016-05-10,23.3549995422363
2016-05-11,23.1275005340576
2016-05-12,22.5849990844727
2016-05-13,22.6299991607666
2016-05-16,23.4699993133545
2016-05-17,23.3724994659424
2016-05-18,23.6399993896484
2016-05-19,23.5499992370605
2016-05-20,23.8050003051758
2016-05-23,24.1075000762939
2016-05-24,24.4750003814697
2016-05-25,24.9050006866455
2016-05-26,25.1025009155273
2016-05-27,25.0874996185303
2016-05-31,24.9650001525879
2016-06-01,24.6149997711182
2016-06-02,24.4300003051758
2016-06-03,24.4799995422363
2016-06-06,24.6574993133545
2016-06-07,24.7574996948242
2016-06-08,24.7350006103516
2016-06-09,24.9125003814697
2016-06-10,24.7075004577637
2016-06-13,24.3349990844727
2016-06-14,24.3649997711182
2016-06-15,24.2849998474121
2016-06-16,24.3875007629395
2016-06-17,23.8325004577637
2016-06-20,23.7749996185303
2016-06-21,23.9775009155273
2016-06-22,23.8875007629395
2016-06-23,24.0249996185303
2016-06-24,23.3500003814697
2016-06-27,23.0100002288818
2016-06-28,23.3974990844727
2016-06-29,23.6000003814697
2016-06-30,23.8999996185303
2016-07-01,23.9724998474121
2016-07-05,23.7474994659424
2016-07-06,23.8824996948242
2016-07-07,23.9850006103516
2016-07-08,24.1700000762939
2016-07-11,24.2450008392334
2016-07-12,24.3549995422363
2016-07-13,24.2175006866455
2016-07-14,24.6975002288818
2016-07-15,24.6949996948242
2016-07-18,24.9575004577637
2016-07-19,24.9675006866455
2016-07-20,24.9899997711182
2016-07-21,24.8575000762939
2016-07-22,24.6650009155273
2016-07-25,24.3349990844727
2016-07-26,24.1674995422363
2016-07-27,25.7374992370605
2016-07-28,26.0849990844727
2016-07-29,26.0524997711182
2016-08-01,26.5125007629395
2016-08-02,26.1200008392334
2016-08-03,26.4475002288818
2016-08-04,26.4675006866455
2016-08-05,26.8700008392334
2016-08-08,27.0925006866455
2016-08-09,27.2024993896484
2016-08-10,27
2016-08-11,26.9825000762939
2016-08-12,27.0450000762939
2016-08-15,27.3700008392334
2016-08-16,27.3449993133545
2016-08-17,27.3050003051758
2016-08-18,27.2700004577637
2016-08-19,27.3400001525879
2016-08-22,27.1275005340576
2016-08-23,27.2124996185303
2016-08-24,27.0074996948242
2016-08-25,26.8924999237061
2016-08-26,26.7350006103516
2016-08-29,26.7049999237061
2016-08-30,26.5
2016-08-31,26.5249996185303
2016-09-01,26.6825008392334
2016-09-02,26.9325008392334
2016-09-06,26.9249992370605
2016-09-07,27.0900001525879
2016-09-08,26.3799991607666
2016-09-09,25.7824993133545
2016-09-12,26.3600006103516
2016-09-13,26.9874992370605
2016-09-14,27.9424991607666
2016-09-15,28.8924999237061
2016-09-16,28.7299995422363
2016-09-19,28.3950004577637
2016-09-20,28.3924999237061
2016-09-21,28.3875007629395
2016-09-22,28.6550006866455
2016-09-23,28.1774997711182
2016-09-26,28.2199993133545
2016-09-27,28.2724990844727
2016-09-28,28.4874992370605
2016-09-29,28.0450000762939
2016-09-30,28.2625007629395
2016-10-03,28.1299991607666
2016-10-04,28.25
2016-10-05,28.2625007629395
2016-10-06,28.4724998474121
2016-10-07,28.5149993896484
2016-10-10,29.0125007629395
2016-10-11,29.0750007629395
2016-10-12,29.3349990844727
2016-10-13,29.2450008392334
2016-10-14,29.4074993133545
2016-10-17,29.3875007629395
2016-10-18,29.3675003051758
2016-10-19,29.2800006866455
2016-10-20,29.2649993896484
2016-10-21,29.1499996185303
2016-10-24,29.4125003814697
2016-10-25,29.5625
2016-10-26,28.8974990844727
2016-10-27,28.6200008392334
2016-10-28,28.4300003051758
2016-10-31,28.3850002288818
2016-11-01,27.8724994659424
2016-11-02,27.8974990844727
2016-11-03,27.4575004577637
2016-11-04,27.2099990844727
2016-11-07,27.6025009155273
2016-11-08,27.7649993896484
2016-11-09,27.7199993133545
2016-11-10,26.9475002288818
2016-11-11,27.1075000762939
2016-11-14,26.4274997711182
2016-11-15,26.7775001525879
2016-11-16,27.4974994659424
2016-11-17,27.4874992370605
2016-11-18,27.5149993896484
2016-11-21,27.9325008392334
2016-11-22,27.9500007629395
2016-11-23,27.8075008392334
2016-11-25,27.9475002288818
2016-11-28,27.8924999237061
2016-11-29,27.8649997711182
2016-11-30,27.6299991607666
2016-12-01,27.3724994659424
2016-12-02,27.4750003814697
2016-12-05,27.2775001525879
2016-12-06,27.4874992370605
2016-12-07,27.7574996948242
2016-12-08,28.0300006866455
2016-12-09,28.4874992370605
2016-12-12,28.3250007629395
2016-12-13,28.7975006103516
2016-12-14,28.7975006103516
2016-12-15,28.9549999237061
2016-12-16,28.9925003051758
2016-12-19,29.1599998474121
2016-12-20,29.2374992370605
2016-12-21,29.2649993896484
2016-12-22,29.0725002288818
2016-12-23,29.1299991607666
2016-12-27,29.3150005340576
2016-12-28,29.1900005340576
2016-12-29,29.1825008392334
2016-12-30,28.9549999237061
2017-01-03,29.0375003814697
2017-01-04,29.0049991607666
2017-01-05,29.1525001525879
2017-01-06,29.4775009155273
2017-01-09,29.7474994659424
2017-01-10,29.7775001525879
2017-01-11,29.9375
2017-01-12,29.8125
2017-01-13,29.7600002288818
2017-01-17,30
2017-01-18,29.9974994659424
2017-01-19,29.9449996948242
2017-01-20,30
2017-01-23,30.0200004577637
2017-01-24,29.9925003051758
2017-01-25,30.4699993133545
2017-01-26,30.4850006103516
2017-01-27,30.4874992370605
2017-01-30,30.4074993133545
2017-01-31,30.3374996185303
2017-02-01,32.1875
2017-02-02,32.1324996948242
2017-02-03,32.2700004577637
2017-02-06,32.5724983215332
2017-02-07,32.8824996948242
2017-02-08,33.0099983215332
2017-02-09,33.1049995422363
2017-02-10,33.0299987792969
2017-02-13,33.3224983215332
2017-02-14,33.7550010681152
2017-02-15,33.877498626709
2017-02-16,33.8375015258789
2017-02-17,33.9300003051758
2017-02-21,34.1749992370605
2017-02-22,34.2775001525879
2017-02-23,34.1324996948242
2017-02-24,34.1650009155273
2017-02-27,34.2324981689453
2017-02-28,34.247501373291
2017-03-01,34.9474983215332
2017-03-02,34.7400016784668
2017-03-03,34.9449996948242
2017-03-06,34.8349990844727
2017-03-07,34.8800010681152
2017-03-08,34.75
2017-03-09,34.6699981689453
2017-03-10,34.7849998474121
2017-03-13,34.7999992370605
2017-03-14,34.747501373291
2017-03-15,35.1150016784668
2017-03-16,35.1725006103516
2017-03-17,34.997501373291
2017-03-20,35.3650016784668
2017-03-21,34.9599990844727
2017-03-22,35.3549995422363
2017-03-23,35.2299995422363
2017-03-24,35.1599998474121
2017-03-27,35.2200012207031
2017-03-28,35.9500007629395
2017-03-29,36.0299987792969
2017-03-30,35.9824981689453
2017-03-31,35.9150009155273
2017-04-03,35.9249992370605
2017-04-04,36.1925010681152
2017-04-05,36.0050010681152
2017-04-06,35.9150009155273
2017-04-07,35.8349990844727
2017-04-10,35.7924995422363
2017-04-11,35.4075012207031
2017-04-12,35.4500007629395
2017-04-13,35.2625007629395
2017-04-17,35.4575004577637
2017-04-18,35.2999992370605
2017-04-19,35.1699981689453
2017-04-20,35.6100006103516
2017-04-21,35.5675010681152
2017-04-24,35.9099998474121
2017-04-25,36.1324996948242
2017-04-26,35.9199981689453
2017-04-27,35.9474983215332
2017-04-28,35.9124984741211
2017-05-01,36.6450004577637
2017-05-02,36.877498626709
2017-05-03,36.7649993896484
2017-05-04,36.6324996948242
2017-05-05,37.2400016784668
2017-05-08,38.252498626709
2017-05-09,38.497501373291
2017-05-10,38.314998626709
2017-05-11,38.4874992370605
2017-05-12,39.0250015258789
2017-05-15,38.9249992370605
2017-05-16,38.8675003051758
2017-05-17,37.5625
2017-05-18,38.1349983215332
2017-05-19,38.2649993896484
2017-05-22,38.497501373291
2017-05-23,38.4500007629395
2017-05-24,38.3349990844727
2017-05-25,38.4674987792969
2017-05-26,38.4025001525879
2017-05-30,38.4174995422363
2017-05-31,38.189998626709
2017-06-01,38.2949981689453
2017-06-02,38.8624992370605
2017-06-05,38.4824981689453
2017-06-06,38.6124992370605
2017-06-07,38.8424987792969
2017-06-08,38.747501373291
2017-06-09,37.2449989318848
2017-06-12,36.3549995422363
2017-06-13,36.6474990844727
2017-06-14,36.2900009155273
2017-06-15,36.0724983215332
2017-06-16,35.5675010681152
2017-06-19,36.5849990844727
2017-06-20,36.252498626709
2017-06-21,36.4674987792969
2017-06-22,36.4075012207031
2017-06-23,36.5699996948242
2017-06-26,36.4550018310547
2017-06-27,35.9324989318848
2017-06-28,36.4575004577637
2017-06-29,35.9199981689453
2017-06-30,36.0050010681152
2017-07-03,35.875
2017-07-05,36.0224990844727
2017-07-06,35.6824989318848
2017-07-07,36.0449981689453
2017-07-10,36.2649993896484
2017-07-11,36.3824996948242
2017-07-12,36.435001373291
2017-07-13,36.9425010681152
2017-07-14,37.2599983215332
2017-07-17,37.3899993896484
2017-07-18,37.5200004577637
2017-07-19,37.7550010681152
2017-07-20,37.5849990844727
2017-07-21,37.5675010681152
2017-07-24,38.0224990844727
2017-07-25,38.185001373291
2017-07-26,38.3650016784668
2017-07-27,37.6399993896484
2017-07-28,37.375
2017-07-31,37.1824989318848
2017-08-01,37.5125007629395
2017-08-02,39.2849998474121
2017-08-03,38.8925018310547
2017-08-04,39.0974998474121
2017-08-07,39.7024993896484
2017-08-08,40.0200004577637
2017-08-09,40.2649993896484
2017-08-10,38.8300018310547
2017-08-11,39.3699989318848
2017-08-14,39.9625015258789
2017-08-15,40.4000015258789
2017-08-16,40.2374992370605
2017-08-17,39.4650001525879
2017-08-18,39.375
2017-08-21,39.3025016784668
2017-08-22,39.9449996948242
2017-08-23,39.9949989318848
2017-08-24,39.8175010681152
2017-08-25,39.9650001525879
2017-08-28,40.3675003051758
2017-08-29,40.7275009155273
2017-08-30,40.8375015258789
2017-08-31,41
2017-09-01,41.0125007629395
2017-09-05,40.5200004577637
2017-09-06,40.4775009155273
2017-09-07,40.314998626709
2017-09-08,39.6575012207031
2017-09-11,40.375
2017-09-12,40.2150001525879
2017-09-13,39.9124984741211
2017-09-14,39.5699996948242
2017-09-15,39.9700012207031
2017-09-18,39.6674995422363
2017-09-19,39.6824989318848
2017-09-20,39.0175018310547
2017-09-21,38.3474998474121
2017-09-22,37.9724998474121
2017-09-25,37.6375007629395
2017-09-26,38.2849998474121
2017-09-27,38.5574989318848
2017-09-28,38.3199996948242
2017-09-29,38.5299987792969
2017-10-02,38.4524993896484
2017-10-03,38.6199989318848
2017-10-04,38.3699989318848
2017-10-05,38.8474998474121
2017-10-06,38.8250007629395
2017-10-09,38.9599990844727
2017-10-10,38.9749984741211
2017-10-11,39.1375007629395
2017-10-12,39
2017-10-13,39.247501373291
2017-10-16,39.9700012207031
2017-10-17,40.1175003051758
2017-10-18,39.939998626709
2017-10-19,38.9949989318848
2017-10-20,39.0625
2017-10-23,39.0424995422363
2017-10-24,39.2750015258789
2017-10-25,39.1025009155273
2017-10-26,39.3525009155273
2017-10-27,40.7625007629395
2017-10-30,41.6800003051758
2017-10-31,42.2599983215332
2017-11-01,41.7224998474121
2017-11-02,42.0275001525879
2017-11-03,43.125
2017-11-06,43.5625
2017-11-07,43.7024993896484
2017-11-08,44.060001373291
2017-11-09,43.9700012207031
2017-11-10,43.6674995422363
2017-11-13,43.4925003051758
2017-11-14,42.8349990844727
2017-11-15,42.2700004577637
2017-11-16,42.7750015258789
2017-11-17,42.5374984741211
2017-11-20,42.4949989318848
2017-11-21,43.2849998474121
2017-11-22,43.7400016784668
2017-11-24,43.7425003051758
2017-11-27,43.5224990844727
2017-11-28,43.2675018310547
2017-11-29,42.3699989318848
2017-11-30,42.9625015258789
2017-12-01,42.7625007629395
2017-12-04,42.4500007629395
2017-12-05,42.4099998474121
2017-12-06,42.252498626709
2017-12-07,42.3300018310547
2017-12-08,42.3424987792969
2017-12-11,43.1674995422363
2017-12-12,42.9249992370605
2017-12-13,43.0675010681152
2017-12-14,43.0550003051758
2017-12-15,43.4925003051758
2017-12-18,44.1049995422363
2017-12-19,43.6349983215332
2017-12-20,43.5875015258789
2017-12-21,43.752498626709
2017-12-22,43.752498626709
2017-12-26,42.6425018310547
2017-12-27,42.6500015258789
2017-12-28,42.7700004577637
2017-12-29,42.3074989318848
2018-01-02,43.064998626709
2018-01-03,43.0574989318848
2018-01-04,43.2574996948242
2018-01-05,43.75
2018-01-08,43.5875015258789
2018-01-09,43.5825004577637
2018-01-10,43.5724983215332
2018-01-11,43.8199996948242
2018-01-12,44.2724990844727
2018-01-16,44.0475006103516
2018-01-17,44.7750015258789
2018-01-18,44.814998626709
2018-01-19,44.6150016784668
2018-01-22,44.25
2018-01-23,44.2599983215332
2018-01-24,43.5550003051758
2018-01-25,42.7775001525879
2018-01-26,42.877498626709
2018-01-29,41.9900016784668
2018-01-30,41.7425003051758
2018-01-31,41.8574981689453
2018-02-01,41.9449996948242
2018-02-02,40.125
2018-02-05,39.122501373291
2018-02-06,40.7574996948242
2018-02-07,39.8849983215332
2018-02-08,38.7874984741211
2018-02-09,39.1025009155273
2018-02-12,40.6775016784668
2018-02-13,41.0849990844727
2018-02-14,41.8424987792969
2018-02-15,43.247501373291
2018-02-16,43.1074981689453
2018-02-20,42.9625015258789
2018-02-21,42.7675018310547
2018-02-22,43.125
2018-02-23,43.875
2018-02-26,44.7425003051758
2018-02-27,44.5974998474121
2018-02-28,44.5299987792969
2018-03-01,43.75
2018-03-02,44.0525016784668
2018-03-05,44.2050018310547
2018-03-06,44.1674995422363
2018-03-07,43.7574996948242
2018-03-08,44.2350006103516
2018-03-09,44.9949989318848
2018-03-12,45.4300003051758
2018-03-13,44.9925003051758
2018-03-14,44.6100006103516
2018-03-15,44.6624984741211
2018-03-16,44.5050010681152
2018-03-19,43.8250007629395
2018-03-20,43.810001373291
2018-03-21,42.8175010681152
2018-03-22,42.2125015258789
2018-03-23,41.2350006103516
2018-03-26,43.1925010681152
2018-03-27,42.0849990844727
2018-03-28,41.6199989318848
2018-03-29,41.9449996948242
2018-04-02,41.6699981689453
2018-04-03,42.0974998474121
2018-04-04,42.9025001525879
2018-04-05,43.2000007629395
2018-04-06,42.0950012207031
2018-04-09,42.5125007629395
2018-04-10,43.3125
2018-04-11,43.1100006103516
2018-04-12,43.5349998474121
2018-04-13,43.6824989318848
2018-04-16,43.9550018310547
2018-04-17,44.560001373291
2018-04-18,44.4599990844727
2018-04-19,43.2000007629395
2018-04-20,41.4300003051758
2018-04-23,41.310001373291
2018-04-24,40.7350006103516
2018-04-25,40.9124984741211
2018-04-26,41.0550003051758
2018-04-27,40.5800018310547
2018-04-30,41.314998626709
2018-05-01,42.2750015258789
2018-05-02,44.1425018310547
2018-05-03,44.2224998474121
2018-05-04,45.9575004577637
2018-05-07,46.2900009155273
2018-05-08,46.5125007629395
2018-05-09,46.8400001525879
2018-05-10,47.5099983215332
2018-05-11,47.1474990844727
2018-05-14,47.0374984741211
2018-05-15,46.6100006103516
2018-05-16,47.0449981689453
2018-05-17,46.747501373291
2018-05-18,46.5774993896484
2018-05-21,46.9075012207031
2018-05-22,46.7900009155273
2018-05-23,47.0900001525879
2018-05-24,47.0374984741211
2018-05-25,47.1450004577637
2018-05-29,46.9749984741211
2018-05-30,46.875
2018-05-31,46.7174987792969
2018-06-01,47.560001373291
2018-06-04,47.9575004577637
2018-06-05,48.3274993896484
2018-06-06,48.4949989318848
2018-06-07,48.3650016784668
2018-06-08,47.9249992370605
2018-06-11,47.8074989318848
2018-06-12,48.0699996948242
2018-06-13,47.6749992370605
2018-06-14,47.7000007629395
2018-06-15,47.2099990844727
2018-06-18,47.185001373291
2018-06-19,46.4225006103516
2018-06-20,46.625
2018-06-21,46.3650016784668
2018-06-22,46.2299995422363
2018-06-25,45.5424995422363
2018-06-26,46.1074981689453
2018-06-27,46.0400009155273
2018-06-28,46.375
2018-06-29,46.2775001525879
2018-07-02,46.7949981689453
2018-07-03,45.9799995422363
2018-07-05,46.3499984741211
2018-07-06,46.9925003051758
2018-07-09,47.6450004577637
2018-07-10,47.5875015258789
2018-07-11,46.9700012207031
2018-07-12,47.7574996948242
2018-07-13,47.8325004577637
2018-07-16,47.7275009155273
2018-07-17,47.8624992370605
2018-07-18,47.5999984741211
2018-07-19,47.9700012207031
2018-07-20,47.8600006103516
2018-07-23,47.9025001525879
2018-07-24,48.25
2018-07-25,48.7050018310547
2018-07-26,48.5525016784668
2018-07-27,47.7449989318848
2018-07-30,47.4775009155273
2018-07-31,47.5724983215332
2018-08-01,50.375
2018-08-02,51.8474998474121
2018-08-03,51.997501373291
2018-08-06,52.2675018310547
2018-08-07,51.7775001525879
2018-08-08,51.8125
2018-08-09,52.2200012207031
2018-08-10,51.8824996948242
2018-08-13,52.2174987792969
2018-08-14,52.4375
2018-08-15,52.560001373291
2018-08-16,53.3300018310547
2018-08-17,54.3950004577637
2018-08-20,53.8650016784668
2018-08-21,53.7599983215332
2018-08-22,53.7625007629395
2018-08-23,53.872501373291
2018-08-24,54.0400009155273
2018-08-27,54.4850006103516
2018-08-28,54.9249992370605
2018-08-29,55.7449989318848
2018-08-30,56.2574996948242
2018-08-31,56.9075012207031
2018-09-04,57.0900001525879
2018-09-05,56.7174987792969
2018-09-06,55.7750015258789
2018-09-07,55.3250007629395
2018-09-10,54.5825004577637
2018-09-11,55.9625015258789
2018-09-12,55.2675018310547
2018-09-13,56.6025009155273
2018-09-14,55.9599990844727
2018-09-17,54.4700012207031
2018-09-18,54.560001373291
2018-09-19,54.5924987792969
2018-09-20,55.0074996948242
2018-09-21,54.4150009155273
2018-09-24,55.1974983215332
2018-09-25,55.5475006103516
2018-09-26,55.1049995422363
2018-09-27,56.2374992370605
2018-09-28,56.435001373291
2018-10-01,56.814998626709
2018-10-02,57.3199996948242
2018-10-03,58.0175018310547
2018-10-04,56.997501373291
2018-10-05,56.0724983215332
2018-10-08,55.9425010681152
2018-10-09,56.7174987792969
2018-10-10,54.0900001525879
2018-10-11,53.6124992370605
2018-10-12,55.5275001525879
2018-10-15,54.3400001525879
2018-10-16,55.5374984741211
2018-10-17,55.2975006103516
2018-10-18,54.0050010681152
2018-10-19,54.8274993896484
2018-10-22,55.1624984741211
2018-10-23,55.6824989318848
2018-10-24,53.7724990844727
2018-10-25,54.9500007629395
2018-10-26,54.0750007629395
2018-10-29,53.060001373291
2018-10-30,53.3250007629395
2018-10-31,54.7150001525879
2018-11-01,55.5550003051758
2018-11-02,51.8699989318848
2018-11-05,50.3974990844727
2018-11-06,50.9425010681152
2018-11-07,52.4874992370605
2018-11-08,52.122501373291
2018-11-09,51.1175003051758
2018-11-12,48.5424995422363
2018-11-13,48.0574989318848
2018-11-14,46.7000007629395
2018-11-15,47.8525009155273
2018-11-16,48.3824996948242
2018-11-19,46.4650001525879
2018-11-20,44.2449989318848
2018-11-21,44.1949996948242
2018-11-23,43.0724983215332
2018-11-26,43.6549987792969
2018-11-27,43.560001373291
2018-11-28,45.2350006103516
2018-11-29,44.8875007629395
2018-11-30,44.6450004577637
2018-12-03,46.2050018310547
2018-12-04,44.1725006103516
2018-12-06,43.6800003051758
2018-12-07,42.122501373291
2018-12-10,42.4000015258789
2018-12-11,42.1575012207031
2018-12-12,42.2750015258789
2018-12-13,42.7374992370605
2018-12-14,41.3699989318848
2018-12-17,40.9850006103516
2018-12-18,41.5175018310547
2018-12-19,40.2224998474121
2018-12-20,39.2075004577637
2018-12-21,37.6824989318848
2018-12-24,36.7075004577637
2018-12-26,39.2924995422363
2018-12-27,39.0374984741211
2018-12-28,39.0574989318848
2018-12-31,39.435001373291
2019-01-02,39.4799995422363
2019-01-03,35.5475006103516
2019-01-04,37.064998626709
2019-01-07,36.9824981689453
2019-01-08,37.6875
2019-01-09,38.3274993896484
2019-01-10,38.4500007629395
2019-01-11,38.0724983215332
2019-01-14,37.5
2019-01-15,38.2675018310547
2019-01-16,38.7350006103516
2019-01-17,38.9650001525879
2019-01-18,39.2050018310547
2019-01-22,38.3250007629395
2019-01-23,38.4799995422363
2019-01-24,38.1749992370605
2019-01-25,39.439998626709
2019-01-28,39.0750007629395
2019-01-29,38.6699981689453
2019-01-30,41.3125
2019-01-31,41.6100006103516
2019-02-01,41.6300010681152
2019-02-04,42.8125
2019-02-05,43.5449981689453
2019-02-06,43.560001373291
2019-02-07,42.7350006103516
2019-02-08,42.6025009155273
2019-02-11,42.3574981689453
2019-02-12,42.7224998474121
2019-02-13,42.5449981689453
2019-02-14,42.7000007629395
2019-02-15,42.6049995422363
2019-02-19,42.7324981689453
2019-02-20,43.0074996948242
2019-02-21,42.7649993896484
2019-02-22,43.2425003051758
2019-02-25,43.5574989318848
2019-02-26,43.5825004577637
2019-02-27,43.7174987792969
2019-02-28,43.2874984741211
2019-03-01,43.7425003051758
2019-03-04,43.9625015258789
2019-03-05,43.8824996948242
2019-03-06,43.6300010681152
2019-03-07,43.125
2019-03-08,43.2275009155273
2019-03-11,44.7249984741211
2019-03-12,45.2275009155273
2019-03-13,45.4275016784668
2019-03-14,45.9324989318848
2019-03-15,46.5299987792969
2019-03-18,47.0050010681152
2019-03-19,46.6324996948242
2019-03-20,47.0400009155273
2019-03-21,48.7724990844727
2019-03-22,47.7625007629395
2019-03-25,47.185001373291
2019-03-26,46.6974983215332
2019-03-27,47.1175003051758
2019-03-28,47.1800003051758
2019-03-29,47.4874992370605
2019-04-01,47.810001373291
2019-04-02,48.5050010681152
2019-04-03,48.8375015258789
2019-04-04,48.9225006103516
2019-04-05,49.25
2019-04-08,50.0250015258789
2019-04-09,49.875
2019-04-10,50.1549987792969
2019-04-11,49.7374992370605
2019-04-12,49.7174987792969
2019-04-15,49.8074989318848
2019-04-16,49.8125
2019-04-17,50.7825012207031
2019-04-18,50.9650001525879
2019-04-22,51.1324996948242
2019-04-23,51.8699989318848
2019-04-24,51.7900009155273
2019-04-25,51.3199996948242
2019-04-26,51.0750007629395
2019-04-29,51.1525001525879
2019-04-30,50.1674995422363
2019-05-01,52.6300010681152
2019-05-02,52.2874984741211
2019-05-03,52.9375
2019-05-06,52.1199989318848
2019-05-07,50.7150001525879
2019-05-08,50.7249984741211
2019-05-09,50.1800003051758
2019-05-10,49.2949981689453
2019-05-13,46.4300003051758
2019-05-14,47.1650009155273
2019-05-15,47.7299995422363
2019-05-16,47.5200004577637
2019-05-17,47.25
2019-05-20,45.7724990844727
2019-05-21,46.6500015258789
2019-05-22,45.6949996948242
2019-05-23,44.9150009155273
2019-05-24,44.7425003051758
2019-05-28,44.5574989318848
2019-05-29,44.3450012207031
2019-05-30,44.5750007629395
2019-05-31,43.7675018310547
2019-06-03,43.3250007629395
2019-06-04,44.9099998474121
2019-06-05,45.6349983215332
2019-06-06,46.3050003051758
2019-06-07,47.5374984741211
2019-06-10,48.1450004577637
2019-06-11,48.7024993896484
2019-06-12,48.5475006103516
2019-06-13,48.5374984741211
2019-06-14,48.185001373291
2019-06-17,48.4724998474121
2019-06-18,49.6124992370605
2019-06-19,49.4674987792969
2019-06-20,49.8650016784668
2019-06-21,49.6949996948242
2019-06-24,49.6450004577637
2019-06-25,48.8925018310547
2019-06-26,49.9500007629395
2019-06-27,49.935001373291
2019-06-28,49.4799995422363
2019-07-01,50.3875007629395
2019-07-02,50.6824989318848
2019-07-03,51.1025009155273
2019-07-05,51.0574989318848
2019-07-08,50.0050010681152
2019-07-09,50.310001373291
2019-07-10,50.8074989318848
2019-07-11,50.4375
2019-07-12,50.8250007629395
2019-07-15,51.3025016784668
2019-07-16,51.125
2019-07-17,50.8375015258789
2019-07-18,51.4150009155273
2019-07-19,50.6474990844727
2019-07-22,51.8050003051758
2019-07-23,52.2099990844727
2019-07-24,52.1674995422363
2019-07-25,51.7550010681152
2019-07-26,51.935001373291
2019-07-29,52.4199981689453
2019-07-30,52.1949996948242
2019-07-31,53.2599983215332
2019-08-01,52.1074981689453
2019-08-02,51.0050010681152
2019-08-05,48.3349990844727
2019-08-06,49.25
2019-08-07,49.7599983215332
2019-08-08,50.8574981689453
2019-08-09,50.247501373291
2019-08-12,50.1199989318848
2019-08-13,52.2425003051758
2019-08-14,50.6875
2019-08-15,50.435001373291
2019-08-16,51.625
2019-08-19,52.5875015258789
2019-08-20,52.5900001525879
2019-08-21,53.1599998474121
2019-08-22,53.1150016784668
2019-08-23,50.6599998474121
2019-08-26,51.622501373291
2019-08-27,51.0400009155273
2019-08-28,51.3824996948242
2019-08-29,52.252498626709
2019-08-30,52.185001373291
2019-09-03,51.4249992370605
2019-09-04,52.2975006103516
2019-09-05,53.3199996948242
2019-09-06,53.314998626709
2019-09-09,53.5424995422363
2019-09-10,54.1749992370605
2019-09-11,55.8974990844727
2019-09-12,55.7724990844727
2019-09-13,54.6875
2019-09-16,54.9749984741211
2019-09-17,55.1749992370605
2019-09-18,55.6925010681152
2019-09-19,55.2400016784668
2019-09-20,54.4324989318848
2019-09-23,54.6800003051758
2019-09-24,54.4199981689453
2019-09-25,55.2574996948242
2019-09-26,54.9724998474121
2019-09-27,54.7050018310547
2019-09-30,55.9925003051758
2019-10-01,56.1474990844727
2019-10-02,54.7400016784668
2019-10-03,55.2050018310547
2019-10-04,56.752498626709
2019-10-07,56.7649993896484
2019-10-08,56.0999984741211
2019-10-09,56.7574996948242
2019-10-10,57.5224990844727
2019-10-11,59.0525016784668
2019-10-14,58.9674987792969
2019-10-15,58.8300018310547
2019-10-16,58.5924987792969
2019-10-17,58.8199996948242
2019-10-18,59.1025009155273
2019-10-21,60.127498626709
2019-10-22,59.9900016784668
2019-10-23,60.7949981689453
2019-10-24,60.8950004577637
2019-10-25,61.6450004577637
2019-10-28,62.2625007629395
2019-10-29,60.8224983215332
2019-10-30,60.814998626709
2019-10-31,62.189998626709
2019-11-01,63.9550018310547
2019-11-04,64.375
2019-11-05,64.2825012207031
2019-11-06,64.3099975585938
2019-11-07,64.8574981689453
2019-11-08,65.0350036621094
2019-11-11,65.5500030517578
2019-11-12,65.4899978637695
2019-11-13,66.1175003051758
2019-11-14,65.6600036621094
2019-11-15,66.4400024414062
2019-11-18,66.7750015258789
2019-11-19,66.5725021362305
2019-11-20,65.7975006103516
2019-11-21,65.5025024414062
2019-11-22,65.4449996948242
2019-11-25,66.5924987792969
2019-11-26,66.0725021362305
2019-11-27,66.9599990844727
2019-11-29,66.8125
2019-12-02,66.0400009155273
2019-12-03,64.8625030517578
2019-12-04,65.4349975585938
2019-12-05,66.3949966430664
2019-12-06,67.6774978637695
2019-12-09,66.7300033569336
2019-12-10,67.120002746582
2019-12-11,67.692497253418
2019-12-12,67.8649978637695
2019-12-13,68.7874984741211
2019-12-16,69.9649963378906
2019-12-17,70.1025009155273
2019-12-18,69.9349975585938
2019-12-19,70.004997253418
2019-12-20,69.8600006103516
2019-12-23,71
2019-12-24,71.067497253418
2019-12-26,72.4775009155273
2019-12-27,72.4499969482422
2019-12-30,72.879997253418
2019-12-31,73.4124984741211
2020-01-02,75.0875015258789
2020-01-03,74.3574981689453
2020-01-06,74.9499969482422
2020-01-07,74.5975036621094
2020-01-08,75.7975006103516
2020-01-09,77.4075012207031
2020-01-10,77.5824966430664
2020-01-13,79.2399978637695
2020-01-14,78.1699981689453
2020-01-15,77.8349990844727
2020-01-16,78.8099975585938
2020-01-17,79.682502746582
2020-01-21,79.1425018310547
2020-01-22,79.4250030517578
2020-01-23,79.807502746582
2020-01-24,79.5774993896484
2020-01-27,77.2375030517578
2020-01-28,79.4225006103516
2020-01-29,81.0849990844727
2020-01-30,80.9674987792969
2020-01-31,77.3775024414062
2020-02-03,77.1650009155273
2020-02-04,79.7125015258789
2020-02-05,80.3625030517578
2020-02-06,81.3024978637695
2020-02-07,80.0074996948242
2020-02-10,80.3874969482422
2020-02-11,79.9024963378906
2020-02-12,81.8000030517578
2020-02-13,81.2174987792969
2020-02-14,81.2375030517578
2020-02-18,79.75
2020-02-19,80.9049987792969
2020-02-20,80.0749969482422
2020-02-21,78.2624969482422
2020-02-24,74.5449981689453
2020-02-25,72.0199966430664
2020-02-26,73.1624984741211
2020-02-27,68.379997253418
2020-02-28,68.3399963378906
2020-03-02,74.7024993896484
2020-03-03,72.3300018310547
2020-03-04,75.6849975585938
2020-03-05,73.2300033569336
2020-03-06,72.2574996948242
2020-03-09,66.5425033569336
2020-03-10,71.3349990844727
2020-03-11,68.8574981689453
2020-03-12,62.0574989318848
2020-03-13,69.4925003051758
2020-03-16,60.5525016784668
2020-03-17,63.2150001525879
2020-03-18,61.6674995422363
2020-03-19,61.1949996948242
2020-03-20,57.310001373291
2020-03-23,56.0924987792969
2020-03-24,61.7200012207031
2020-03-25,61.3800010681152
2020-03-26,64.6100006103516
2020-03-27,61.935001373291
2020-03-30,63.7024993896484
2020-03-31,63.5724983215332
2020-04-01,60.2275009155273
2020-04-02,61.2324981689453
2020-04-03,60.3525009155273
2020-04-06,65.6175003051758
2020-04-07,64.8574981689453
2020-04-08,66.5175018310547
2020-04-09,66.9974975585938
2020-04-13,68.3125
2020-04-14,71.7624969482422
2020-04-15,71.1074981689453
2020-04-16,71.6725006103516
2020-04-17,70.6999969482422
2020-04-20,69.2324981689453
2020-04-21,67.0924987792969
2020-04-22,69.0250015258789
2020-04-23,68.7574996948242
2020-04-24,70.7425003051758
2020-04-27,70.7925033569336
2020-04-28,69.6449966430664
2020-04-29,71.932502746582
2020-04-30,73.4499969482422
2020-05-01,72.2675018310547
2020-05-04,73.2900009155273
2020-05-05,74.3899993896484
2020-05-06,75.1575012207031
2020-05-07,75.9349975585938
2020-05-08,77.5325012207031
2020-05-11,78.7525024414062
2020-05-12,77.8525009155273
2020-05-13,76.9124984741211
2020-05-14,77.3850021362305
2020-05-15,76.9274978637695
2020-05-18,78.7399978637695
2020-05-19,78.2850036621094
2020-05-20,79.807502746582
2020-05-21,79.2125015258789
2020-05-22,79.7225036621094
2020-05-26,79.182502746582
2020-05-27,79.5274963378906
2020-05-28,79.5625
2020-05-29,79.4850006103516
2020-06-01,80.4625015258789
2020-06-02,80.8349990844727
2020-06-03,81.2799987792969
2020-06-04,80.5800018310547
2020-06-05,82.875
2020-06-08,83.3649978637695
2020-06-09,85.9974975585938
2020-06-10,88.2099990844727
2020-06-11,83.9749984741211
2020-06-12,84.6999969482422
2020-06-15,85.7474975585938
2020-06-16,88.0199966430664
2020-06-17,87.8974990844727
2020-06-18,87.932502746582
2020-06-19,87.4300003051758
2020-06-22,89.7174987792969
2020-06-23,91.6324996948242
2020-06-24,90.0149993896484
2020-06-25,91.2099990844727
2020-06-26,88.4075012207031
2020-06-29,90.4449996948242
2020-06-30,91.1999969482422
2020-07-01,91.0274963378906
2020-07-02,91.0274963378906
2020-07-06,93.4625015258789
2020-07-07,93.1725006103516
2020-07-08,95.3424987792969
2020-07-09,95.7525024414062
2020-07-10,95.9199981689453
2020-07-13,95.4775009155273
2020-07-14,97.057502746582
2020-07-15,97.7249984741211
2020-07-16,96.5224990844727
2020-07-17,96.3274993896484
2020-07-20,98.3574981689453
2020-07-21,97
2020-07-22,97.2724990844727
2020-07-23,92.8450012207031
2020-07-24,92.6149978637695
2020-07-27,94.8099975585938
2020-07-28,93.2525024414062
2020-07-29,95.0400009155273
2020-07-30,96.1900024414062
2020-07-31,106.26000213623
2020-08-03,108.9375
2020-08-04,109.665000915527
2020-08-05,110.0625
2020-08-06,113.902496337891
2020-08-07,111.112503051758
2020-08-10,112.727500915527
2020-08-11,109.375
2020-08-12,113.01000213623
2020-08-13,115.01000213623
2020-08-14,114.907501220703
2020-08-17,114.607498168945
2020-08-18,115.5625
2020-08-19,115.707496643066
2020-08-20,118.275001525879
2020-08-21,124.370002746582
2020-08-24,125.857498168945
2020-08-25,124.824996948242
2020-08-26,126.522499084473
2020-08-27,125.01000213623
2020-08-28,124.807502746582
2020-08-31,129.039993286133
2020-09-01,134.179992675781
2020-09-02,131.399993896484
2020-09-03,120.879997253418
2020-09-04,120.959999084473
2020-09-08,112.819999694824
2020-09-09,117.319999694824
2020-09-10,113.48999786377
2020-09-11,112
2020-09-14,115.360000610352
2020-09-15,115.540000915527
2020-09-16,112.129997253418
2020-09-17,110.339996337891
2020-09-18,106.839996337891
2020-09-21,110.080001831055
2020-09-22,111.809997558594
2020-09-23,107.120002746582
2020-09-24,108.220001220703
2020-09-25,112.279998779297
2020-09-28,114.959999084473
2020-09-29,114.089996337891
2020-09-30,115.809997558594
2020-10-01,116.790000915527
2020-10-02,113.019996643066
2020-10-05,116.5
2020-10-06,113.160003662109
2020-10-07,115.080001831055
2020-10-08,114.970001220703
2020-10-09,116.970001220703
2020-10-12,124.400001525879
2020-10-13,121.099998474121
2020-10-14,121.190002441406
2020-10-15,120.709999084473
2020-10-16,119.019996643066
2020-10-19,115.980003356934
2020-10-20,117.51000213623
2020-10-21,116.870002746582
2020-10-22,115.75
2020-10-23,115.040000915527
2020-10-26,115.050003051758
2020-10-27,116.599998474121
2020-10-28,111.199996948242
2020-10-29,115.319999694824
2020-10-30,108.860000610352
2020-11-02,108.769996643066
2020-11-03,110.440002441406
2020-11-04,114.949996948242
2020-11-05,119.029998779297
2020-11-06,118.690002441406
2020-11-09,116.319999694824
2020-11-10,115.970001220703
2020-11-11,119.48999786377
2020-11-12,119.209999084473
2020-11-13,119.26000213623
2020-11-16,120.300003051758
2020-11-17,119.389999389648
2020-11-18,118.029998779297
2020-11-19,118.639999389648
2020-11-20,117.339996337891
2020-11-23,113.849998474121
2020-11-24,115.169998168945
2020-11-25,116.029998779297
2020-11-27,116.589996337891
2020-11-30,119.050003051758
2020-12-01,122.720001220703
2020-12-02,123.080001831055
2020-12-03,122.940002441406
2020-12-04,122.25
2020-12-07,123.75
2020-12-08,124.379997253418
2020-12-09,121.779998779297
2020-12-10,123.23999786377
2020-12-11,122.410003662109
2020-12-14,121.779998779297
2020-12-15,127.879997253418
2020-12-16,127.809997558594
2020-12-17,128.699996948242
2020-12-18,126.660003662109
2020-12-21,128.229995727539
2020-12-22,131.880004882812
2020-12-23,130.960006713867
2020-12-24,131.970001220703
2020-12-28,136.690002441406
2020-12-29,134.869995117188
2020-12-30,133.720001220703
2020-12-31,132.690002441406
2021-01-04,129.410003662109
2021-01-05,131.009994506836
2021-01-06,126.599998474121
2021-01-07,130.919998168945
2021-01-08,132.050003051758
2021-01-11,128.979995727539
2021-01-12,128.800003051758
2021-01-13,130.889999389648
2021-01-14,128.910003662109
2021-01-15,127.139999389648
2021-01-19,127.830001831055
2021-01-20,132.029998779297
2021-01-21,136.869995117188
2021-01-22,139.070007324219
2021-01-25,142.919998168945
2021-01-26,143.160003662109
2021-01-27,142.059997558594
2021-01-28,137.089996337891
2021-01-29,131.960006713867
2021-02-01,134.139999389648
2021-02-02,134.990005493164
2021-02-03,133.940002441406
2021-02-04,137.389999389648
2021-02-05,136.759994506836
2021-02-08,136.910003662109
2021-02-09,136.009994506836
2021-02-10,135.389999389648
2021-02-11,135.130004882812
2021-02-12,135.369995117188
2021-02-16,133.190002441406
2021-02-17,130.839996337891
2021-02-18,129.710006713867
2021-02-19,129.869995117188
2021-02-22,126
2021-02-23,125.860000610352
2021-02-24,125.349998474121
2021-02-25,120.98999786377
2021-02-26,121.26000213623
2021-03-01,127.790000915527
2021-03-02,125.120002746582
2021-03-03,122.059997558594
2021-03-04,120.129997253418
2021-03-05,121.419998168945
2021-03-08,116.360000610352
2021-03-09,121.089996337891
2021-03-10,119.980003356934
2021-03-11,121.959999084473
2021-03-12,121.029998779297
2021-03-15,123.98999786377
2021-03-16,125.569999694824
2021-03-17,124.76000213623
2021-03-18,120.529998779297
2021-03-19,119.98999786377
2021-03-22,123.389999389648
2021-03-23,122.540000915527
2021-03-24,120.089996337891
2021-03-25,120.589996337891
2021-03-26,121.209999084473
2021-03-29,121.389999389648
2021-03-30,119.900001525879
2021-03-31,122.150001525879
2021-04-01,123
2021-04-05,125.900001525879
2021-04-06,126.209999084473
2021-04-07,127.900001525879
2021-04-08,130.360000610352
2021-04-09,133
2021-04-12,131.240005493164
2021-04-13,134.429992675781
2021-04-14,132.029998779297
2021-04-15,134.5
2021-04-16,134.160003662109
2021-04-19,134.839996337891
2021-04-20,133.110000610352
2021-04-21,133.5
2021-04-22,131.940002441406
2021-04-23,134.320007324219
2021-04-26,134.720001220703
2021-04-27,134.389999389648
2021-04-28,133.580001831055
2021-04-29,133.479995727539
2021-04-30,131.460006713867
2021-05-03,132.539993286133
2021-05-04,127.849998474121
2021-05-05,128.100006103516
2021-05-06,129.740005493164
2021-05-07,130.210006713867
2021-05-10,126.849998474121
2021-05-11,125.910003662109
2021-05-12,122.769996643066
2021-05-13,124.970001220703
2021-05-14,127.449996948242
2021-05-17,126.269996643066
2021-05-18,124.849998474121
2021-05-19,124.690002441406
2021-05-20,127.309997558594
2021-05-21,125.430000305176
2021-05-24,127.099998474121
2021-05-25,126.900001525879
2021-05-26,126.849998474121
2021-05-27,125.279998779297
2021-05-28,124.610000610352
2021-06-01,124.279998779297
2021-06-02,125.059997558594
2021-06-03,123.540000915527
2021-06-04,125.889999389648
2021-06-07,125.900001525879
2021-06-08,126.73999786377
2021-06-09,127.129997253418
2021-06-10,126.110000610352
2021-06-11,127.349998474121
2021-06-14,130.479995727539
2021-06-15,129.639999389648
2021-06-16,130.149993896484
2021-06-17,131.789993286133
2021-06-18,130.460006713867
2021-06-21,132.300003051758
2021-06-22,133.979995727539
2021-06-23,133.699996948242
2021-06-24,133.410003662109
2021-06-25,133.110000610352
2021-06-28,134.779998779297
2021-06-29,136.330001831055
2021-06-30,136.960006713867
2021-07-01,137.270004272461
2021-07-02,139.960006713867
2021-07-06,142.020004272461
2021-07-07,144.570007324219
2021-07-08,143.240005493164
2021-07-09,145.110000610352
2021-07-12,144.5
2021-07-13,145.639999389648
2021-07-14,149.149993896484
2021-07-15,148.479995727539
2021-07-16,146.389999389648
2021-07-19,142.449996948242
2021-07-20,146.149993896484
2021-07-21,145.399993896484
2021-07-22,146.800003051758
2021-07-23,148.559997558594
2021-07-26,148.990005493164
2021-07-27,146.770004272461
2021-07-28,144.979995727539
2021-07-29,145.639999389648
2021-07-30,145.860000610352
2021-08-02,145.520004272461
2021-08-03,147.360000610352
2021-08-04,146.949996948242
2021-08-05,147.059997558594
2021-08-06,146.139999389648
2021-08-09,146.089996337891
2021-08-10,145.600006103516
2021-08-11,145.860000610352
2021-08-12,148.889999389648
2021-08-13,149.100006103516
2021-08-16,151.119995117188
2021-08-17,150.190002441406
2021-08-18,146.360000610352
2021-08-19,146.699996948242
2021-08-20,148.190002441406
2021-08-23,149.710006713867
2021-08-24,149.619995117188
2021-08-25,148.360000610352
2021-08-26,147.539993286133
2021-08-27,148.600006103516
2021-08-30,153.119995117188
2021-08-31,151.830001831055
2021-09-01,152.509994506836
2021-09-02,153.649993896484
2021-09-03,154.300003051758
2021-09-07,156.690002441406
2021-09-08,155.110000610352
2021-09-09,154.070007324219
2021-09-10,148.970001220703
2021-09-13,149.550003051758
2021-09-14,148.119995117188
2021-09-15,149.029998779297
2021-09-16,148.789993286133
2021-09-17,146.059997558594
2021-09-20,142.940002441406
2021-09-21,143.429992675781
2021-09-22,145.850006103516
2021-09-23,146.830001831055
2021-09-24,146.919998168945
2021-09-27,145.369995117188
2021-09-28,141.910003662109
2021-09-29,142.830001831055
2021-09-30,141.5
2021-10-01,142.649993896484
2021-10-04,139.139999389648
2021-10-05,141.110000610352
2021-10-06,142
2021-10-07,143.289993286133
2021-10-08,142.899993896484
2021-10-11,142.809997558594
2021-10-12,141.509994506836
2021-10-13,140.910003662109
2021-10-14,143.759994506836
2021-10-15,144.839996337891
2021-10-18,146.550003051758
2021-10-19,148.759994506836
2021-10-20,149.259994506836
2021-10-21,149.479995727539
2021-10-22,148.690002441406
2021-10-25,148.639999389648
2021-10-26,149.320007324219
2021-10-27,148.850006103516
2021-10-28,152.570007324219
2021-10-29,149.800003051758
2021-11-01,148.960006713867
2021-11-02,150.020004272461
2021-11-03,151.490005493164
2021-11-04,150.960006713867
2021-11-05,151.279998779297
2021-11-08,150.440002441406
2021-11-09,150.809997558594
2021-11-10,147.919998168945
2021-11-11,147.869995117188
2021-11-12,149.990005493164
2021-11-15,150
2021-11-16,151
2021-11-17,153.490005493164
2021-11-18,157.869995117188
2021-11-19,160.550003051758
2021-11-22,161.020004272461
2021-11-23,161.410003662109
2021-11-24,161.940002441406
2021-11-26,156.809997558594
2021-11-29,160.240005493164
2021-11-30,165.300003051758
2021-12-01,164.770004272461
2021-12-02,163.759994506836
2021-12-03,161.839996337891
2021-12-06,165.320007324219
2021-12-07,171.179992675781
2021-12-08,175.080001831055
2021-12-09,174.559997558594
2021-12-10,179.449996948242
2021-12-13,175.740005493164
2021-12-14,174.330001831055
2021-12-15,179.300003051758
2021-12-16,172.259994506836
2021-12-17,171.139999389648
2021-12-20,169.75
2021-12-21,172.990005493164
2021-12-22,175.639999389648
2021-12-23,176.279998779297
2021-12-27,180.330001831055
2021-12-28,179.289993286133
2021-12-29,179.380004882812
2021-12-30,178.199996948242
2021-12-31,177.570007324219
2022-01-03,182.009994506836
2022-01-04,179.699996948242
2022-01-05,174.919998168945
2022-01-06,172
2022-01-07,172.169998168945
2022-01-10,172.190002441406
2022-01-11,175.080001831055
2022-01-12,175.529998779297
2022-01-13,172.190002441406
2022-01-14,173.070007324219
2022-01-18,169.800003051758
2022-01-19,166.229995727539
2022-01-20,164.509994506836
2022-01-21,162.410003662109
2022-01-24,161.619995117188
2022-01-25,159.779998779297
2022-01-26,159.690002441406
2022-01-27,159.220001220703
2022-01-28,170.330001831055
2022-01-31,174.779998779297
2022-02-01,174.610000610352
2022-02-02,175.839996337891
2022-02-03,172.899993896484
2022-02-04,172.389999389648
2022-02-07,171.660003662109
2022-02-08,174.830001831055
2022-02-09,176.279998779297
2022-02-10,172.119995117188
2022-02-11,168.639999389648
2022-02-14,168.880004882812
2022-02-15,172.789993286133
2022-02-16,172.550003051758
2022-02-17,168.880004882812
2022-02-18,167.300003051758
2022-02-22,164.320007324219
2022-02-23,160.070007324219
2022-02-24,162.740005493164
2022-02-25,164.850006103516
2022-02-28,165.119995117188
2022-03-01,163.199996948242
2022-03-02,166.559997558594
2022-03-03,166.229995727539
2022-03-04,163.169998168945
2022-03-07,159.300003051758
2022-03-08,157.440002441406
2022-03-09,162.949996948242
2022-03-10,158.520004272461
2022-03-11,154.729995727539
2022-03-14,150.619995117188
2022-03-15,155.089996337891
2022-03-16,159.589996337891
2022-03-17,160.619995117188
2022-03-18,163.979995727539
2022-03-21,165.380004882812
2022-03-22,168.820007324219
2022-03-23,170.210006713867
2022-03-24,174.070007324219
2022-03-25,174.720001220703
2022-03-28,175.600006103516
2022-03-29,178.960006713867
2022-03-30,177.770004272461
2022-03-31,174.610000610352
2022-04-01,174.309997558594
2022-04-04,178.440002441406
2022-04-05,175.059997558594
2022-04-06,171.830001831055
2022-04-07,172.139999389648
2022-04-08,170.089996337891
2022-04-11,165.75
2022-04-12,167.660003662109
2022-04-13,170.399993896484
2022-04-14,165.289993286133
2022-04-18,165.070007324219
2022-04-19,167.399993896484
2022-04-20,167.229995727539
2022-04-21,166.419998168945
2022-04-22,161.789993286133
2022-04-25,162.880004882812
2022-04-26,156.800003051758
2022-04-27,156.570007324219
2022-04-28,163.639999389648
2022-04-29,157.649993896484
2022-05-02,157.960006713867
2022-05-03,159.479995727539
2022-05-04,166.020004272461
2022-05-05,156.770004272461
2022-05-06,157.279998779297
2022-05-09,152.059997558594
2022-05-10,154.509994506836
2022-05-11,146.5
2022-05-12,142.559997558594
2022-05-13,147.110000610352
2022-05-16,145.539993286133
2022-05-17,149.240005493164
2022-05-18,140.820007324219
2022-05-19,137.350006103516
2022-05-20,137.589996337891
2022-05-23,143.110000610352
2022-05-24,140.360000610352
2022-05-25,140.520004272461
2022-05-26,143.779998779297
2022-05-27,149.639999389648
2022-05-31,148.839996337891
2022-06-01,148.710006713867
2022-06-02,151.210006713867
2022-06-03,145.380004882812
2022-06-06,146.139999389648
2022-06-07,148.710006713867
2022-06-08,147.960006713867
2022-06-09,142.639999389648
2022-06-10,137.130004882812
2022-06-13,131.880004882812
2022-06-14,132.759994506836
2022-06-15,135.429992675781
2022-06-16,130.059997558594
2022-06-17,131.559997558594
2022-06-21,135.869995117188
2022-06-22,135.350006103516
2022-06-23,138.270004272461
2022-06-24,141.660003662109
2022-06-27,141.660003662109
2022-06-28,137.440002441406
2022-06-29,139.229995727539
2022-06-30,136.720001220703
2022-07-01,138.929992675781
2022-07-05,141.559997558594
2022-07-06,142.919998168945
2022-07-07,146.350006103516
2022-07-08,147.039993286133
2022-07-11,144.869995117188
2022-07-12,145.860000610352
2022-07-13,145.490005493164
2022-07-14,148.470001220703
2022-07-15,150.169998168945
2022-07-18,147.070007324219
2022-07-19,151
2022-07-20,153.039993286133
2022-07-21,155.350006103516
2022-07-22,154.089996337891
2022-07-25,152.949996948242
2022-07-26,151.600006103516
2022-07-27,156.789993286133
2022-07-28,157.350006103516
2022-07-29,162.509994506836
2022-08-01,161.509994506836
2022-08-02,160.009994506836
2022-08-03,166.130004882812
2022-08-04,165.809997558594
2022-08-05,165.350006103516
2022-08-08,164.869995117188
2022-08-09,164.919998168945
2022-08-10,169.240005493164
2022-08-11,168.490005493164
2022-08-12,172.100006103516
2022-08-15,173.190002441406
2022-08-16,173.029998779297
2022-08-17,174.550003051758
2022-08-18,174.149993896484
2022-08-19,171.520004272461
2022-08-22,167.570007324219
2022-08-23,167.229995727539
2022-08-24,167.529998779297
2022-08-25,170.029998779297
2022-08-26,163.619995117188
2022-08-29,161.380004882812
2022-08-30,158.910003662109
2022-08-31,157.220001220703
2022-09-01,157.960006713867
2022-09-02,155.809997558594
2022-09-06,154.529998779297
2022-09-07,155.960006713867
2022-09-08,154.460006713867
2022-09-09,157.369995117188
2022-09-12,163.429992675781
2022-09-13,153.839996337891
2022-09-14,155.309997558594
2022-09-15,152.369995117188
2022-09-16,150.699996948242
2022-09-19,154.479995727539
2022-09-20,156.899993896484
2022-09-21,153.720001220703
2022-09-22,152.740005493164
2022-09-23,150.429992675781
2022-09-26,150.770004272461
2022-09-27,151.759994506836
2022-09-28,149.839996337891
2022-09-29,142.479995727539
2022-09-30,138.199996948242
2022-10-03,142.449996948242
2022-10-04,146.100006103516
2022-10-05,146.399993896484
2022-10-06,145.429992675781
2022-10-07,140.089996337891
2022-10-10,140.419998168945
2022-10-11,138.979995727539
2022-10-12,138.339996337891
2022-10-13,142.990005493164
2022-10-14,138.380004882812
2022-10-17,142.410003662109
2022-10-18,143.75
2022-10-19,143.860000610352
2022-10-20,143.389999389648
2022-10-21,147.270004272461
2022-10-24,149.449996948242
2022-10-25,152.339996337891
2022-10-26,149.350006103516
2022-10-27,144.800003051758
2022-10-28,155.740005493164
2022-10-31,153.339996337891
2022-11-01,150.649993896484
2022-11-02,145.029998779297
2022-11-03,138.880004882812
2022-11-04,138.380004882812
2022-11-07,138.919998168945
2022-11-08,139.5
2022-11-09,134.869995117188
2022-11-10,146.869995117188
2022-11-11,149.699996948242
2022-11-14,148.279998779297
2022-11-15,150.039993286133
2022-11-16,148.789993286133
2022-11-17,150.720001220703
2022-11-18,151.289993286133
2022-11-21,148.009994506836
2022-11-22,150.179992675781
2022-11-23,151.070007324219
2022-11-25,148.110000610352
2022-11-28,144.220001220703
2022-11-29,141.169998168945
2022-11-30,148.029998779297
2022-12-01,148.309997558594
2022-12-02,147.809997558594
2022-12-05,146.630004882812
2022-12-06,142.910003662109
2022-12-07,140.940002441406
2022-12-08,142.649993896484
2022-12-09,142.160003662109
2022-12-12,144.490005493164
2022-12-13,145.470001220703
2022-12-14,143.210006713867
2022-12-15,136.5
2022-12-16,134.509994506836
2022-12-19,132.369995117188
2022-12-20,132.300003051758
2022-12-21,135.449996948242
2022-12-22,132.229995727539
2022-12-23,131.860000610352
2022-12-27,130.029998779297
2022-12-28,126.040000915527
2022-12-29,129.610000610352
2022-12-30,129.929992675781
